name,lastname,idNumber,address,username,email,password
Eugenio,Keijser,8807961,55 Reinke Street,ekeijser0,ekeijser0@state.gov,"wpPJ75""""5S1+v"
Aarika,Magister,8049981,8 Luster Center,amagister1,amagister1@imageshack.us,qnPZ57/}zgkWyk
Koo,Sutherel,8061307,23 Riverside Trail,ksutherel2,ksutherel2@disqus.com,"asBT02$""H8""dc5xQ!!"
Rikki,Aveyard,7304671,8 Sunbrook Way,raveyard3,raveyard3@disqus.com,frOO90|>FBlfLO
Cirillo,Chaplyn,9916056,5696 Ryan Point,cchaplyn4,cchaplyn4@constantcontact.com,qeBU10+?Bj
Dorine,Dogerty,9612134,08020 Garrison Drive,ddogerty5,ddogerty5@indiatimes.com,eiPN78%)O/{)
Sandie,Vyel,5130356,56 Holy Cross Parkway,svyel6,svyel6@apple.com,tpJV00$.9.PvvR
Rod,Caughey,9839767,82 Sundown Terrace,rcaughey7,rcaughey7@oracle.com,ikUG75|!%*BmZ
Lolita,Jacomb,3388413,84 Nevada Place,ljacomb8,ljacomb8@spiegel.de,"okTC85$$/""k9zb"
Darby,Ram,6870193,93 Sage Hill,dram9,dram9@arizona.edu,wlUG15#@p$FsNP_.
Clair,Arcase,6685391,7 Ridge Oak Way,carcasea,carcasea@prweb.com,"tmOQ88}/2""a`6t4y+J"
Alfie,Boor,1370494,19132 6th Avenue,aboorb,aboorb@vkontakte.ru,eeLM08_/4NKjmq@Mo+e
Georgy,Van der Hoeven,270272,195 Parkside Road,gvanderhoevenc,gvanderhoevenc@wix.com,dpOG55@}ehf
Adair,Savory,7666137,75647 Meadow Valley Court,asavoryd,asavoryd@usa.gov,"leXK51!/Z,~U""\B')"
Roxanne,Davids,4207664,26198 Russell Park,rdavidse,rdavidse@thetimes.co.uk,egHA05*$l!a052?=
Grata,Littlefield,8546984,639 Forest Terrace,glittlefieldf,glittlefieldf@boston.com,wpGP77&#|W0!Q
Reid,Dibb,9045645,44 Farragut Lane,rdibbg,rdibbg@statcounter.com,wiZJ72~$l{
Gawen,Wayne,2770900,9 Crest Line Park,gwayneh,gwayneh@trellian.com,"vuNF07}+q4bD,dz}"
Panchito,Falco,804717,5 Weeping Birch Avenue,pfalcoi,pfalcoi@ow.ly,"ciTA56_""8r+6"
Donnell,Overstone,216010,1974 Lien Drive,doverstonej,doverstonej@earthlink.net,"gsEK13&""rC/TT"
Lemmie,Antosik,2559491,6 Bellgrove Alley,lantosikk,lantosikk@example.com,riMG31%|BYm
Massimiliano,Falkus,893597,4510 Brown Place,mfalkusl,mfalkusl@wikipedia.org,olFF69+|L`iU{l
Magdalena,Knowling,2908624,138 Kenwood Pass,mknowlingm,mknowlingm@netlog.com,liRY70|=2&nzsw`w
Tom,Jeger,2282398,070 Blaine Pass,tjegern,tjegern@youtu.be,lsNE19`<O0
Gaylor,Devita,8723140,0 Lakeland Hill,gdevitao,gdevitao@mashable.com,efOS38@<EEa=}t$Y
Bathsheba,Hessel,1006007,2720 Pearson Terrace,bhesselp,bhesselp@typepad.com,hvJY02=<iG
Minda,Foulcher,6669715,1091 Pennsylvania Pass,mfoulcherq,mfoulcherq@reuters.com,ogMZ80&*z0=V!Vl
Orville,Joliffe,9780687,457 Superior Avenue,ojoliffer,ojoliffer@blogtalkradio.com,lxPN18<*as
Obie,Brudenell,5824959,8666 Banding Place,obrudenells,obrudenells@unblog.fr,dhQB71?*/yq)Nd%h
Ikey,Gorger,3971300,8 Pond Point,igorgert,igorgert@mayoclinic.com,"opGY34""""{!Y!"
Felicia,Stiffkins,2500249,3876 Shopko Hill,fstiffkinsu,fstiffkinsu@hp.com,"gqDA73)+)q""O"
Clary,Fidell,3821226,6 Sauthoff Circle,cfidellv,cfidellv@yale.edu,kcOM56{&0$OI*S
Cly,Saggs,4939067,314 Luster Point,csaggsw,csaggsw@163.com,"loVA11+""_wp1e&D\#a.w"
Laureen,Davydkov,6787555,056 Lighthouse Bay Way,ldavydkovx,ldavydkovx@theguardian.com,xbQY21`&mD7ArVWft
Henry,Shearsby,1418739,53389 Doe Crossing Pass,hshearsbyy,hshearsbyy@hubpages.com,"krJI12,?9NFp9xkWc"
Pembroke,Bullivent,362443,7 Eliot Circle,pbulliventz,pbulliventz@economist.com,kpCT87#_c(2GdjJ
Masha,Perulli,8401010,33459 Sachs Junction,mperulli10,mperulli10@berkeley.edu,lzMD00.$GwN
Delaney,Gilston,4432791,64 Gateway Plaza,dgilston11,dgilston11@friendfeed.com,"izBC73,""WXJ"
Archibaldo,Busby,9264232,1611 Barby Alley,abusby12,abusby12@deliciousdays.com,jySP99!<w+v!ZkjNQi}
Annmaria,Toffoletto,152521,7 Valley Edge Place,atoffoletto13,atoffoletto13@yellowbook.com,ufSS43`/bB
Anjela,Frobisher,355747,1 Sauthoff Junction,afrobisher14,afrobisher14@constantcontact.com,ieIT65.`LMOLr(
Micky,Dubbin,3899217,818 Arapahoe Circle,mdubbin15,mdubbin15@fema.gov,"obIL76.,|p"
Gui,Pitherick,3057825,829 Sundown Court,gpitherick16,gpitherick16@geocities.com,"ruRO37"".fs""wD4{J"
Dael,Tearny,9939425,98 Kedzie Trail,dtearny17,dtearny17@ifeng.com,kdYJ23~\=26+~+Y
Martin,Collick,7714726,533 Sage Terrace,mcollick18,mcollick18@ucoz.ru,abUA90#<nJ1
Levon,Mycroft,5727350,1 Merchant Pass,lmycroft19,lmycroft19@bing.com,xmVQ94%!>{pt
Cathee,Guild,9612381,25 Meadow Vale Way,cguild1a,cguild1a@gizmodo.com,"jvNZ16%""ewL"
Wanids,Sleith,9917938,086 Memorial Court,wsleith1b,wsleith1b@tuttocitta.it,frUQ70&)eC@W'J<Ypgdo
Maxine,Spire,4007432,1363 Tennyson Court,mspire1c,mspire1c@hp.com,"idLE44%#""RBw@m@+KA"
Rosita,Kollach,1833377,4 Upham Avenue,rkollach1d,rkollach1d@booking.com,suQU05$<!Z>
Lorena,Haggath,1947126,7335 Ridge Oak Avenue,lhaggath1e,lhaggath1e@furl.net,ylBR98=|JyuT
Britney,Gaskell,3866204,6840 Reinke Pass,bgaskell1f,bgaskell1f@histats.com,xfGF95%~S\Kw?}{L+0Z
Vinson,Haggus,5332187,635 Westport Pass,vhaggus1g,vhaggus1g@theatlantic.com,"xjLY14=(5B74yFmr,L"
Jonathan,Earwicker,5745663,31101 Pankratz Hill,jearwicker1h,jearwicker1h@instagram.com,thTR81@}D=M*
Jaclyn,Fawke,3041847,313 Forest Run Road,jfawke1i,jfawke1i@si.edu,hkGV77~~4$M@W
Cherida,Elmhirst,7796718,6 Prairieview Street,celmhirst1j,celmhirst1j@rambler.ru,ztCM91%&e<&Ra*'
Christophe,De Pietri,1980921,7013 Rutledge Drive,cdepietri1k,cdepietri1k@ihg.com,peZU16{?}YG
Aundrea,Scutter,965550,16593 Fallview Terrace,ascutter1l,ascutter1l@taobao.com,"gkXN55,|\q"
Angelique,Tuplin,751696,00 Monument Road,atuplin1m,atuplin1m@goodreads.com,xzDB72).*G
Torre,Oldcote,5962384,1 Browning Hill,toldcote1n,toldcote1n@youtu.be,fgSB81='g*s5Iq5
Rouvin,Kaveney,6302193,3 Rutledge Place,rkaveney1o,rkaveney1o@google.com.au,tsBR16{/N#kJ
Gerrilee,Wrighton,958917,7 Golf Course Court,gwrighton1p,gwrighton1p@umich.edu,"zlVQ62@\(bZV""n""""E~~"
Mickie,Patifield,7719190,70 Armistice Court,mpatifield1q,mpatifield1q@sun.com,ruBF43>&wu3s(1hRU05
Sherie,Kittiman,3148585,01 Hayes Junction,skittiman1r,skittiman1r@github.io,cbUP02}+P6d6DJ4kV#9
Afton,Nanuccioi,8583945,20309 Hallows Way,ananuccioi1s,ananuccioi1s@flavors.me,"gxLP96=`u}frq},rZi"
Brita,Huncoot,9719341,03934 Bunker Hill Place,bhuncoot1t,bhuncoot1t@furl.net,wxZI16}<jUP\&Wu
Lorin,Bernath,431240,4507 Killdeer Park,lbernath1u,lbernath1u@plala.or.jp,"ozOZ91/`6+h""0XB4d1"
Glennie,Luchelli,986702,989 Green Point,gluchelli1v,gluchelli1v@360.cn,"okUK79_<xM/""5QP)"
Toby,Kewish,4642337,5 Boyd Circle,tkewish1w,tkewish1w@google.com.br,"ksFN59>.~%z@Z`Q)<,"
Yvon,Finch,2455683,66100 Cottonwood Terrace,yfinch1x,yfinch1x@forbes.com,adQV93'>Vt
Lucille,Arbor,6640493,99 Lunder Park,larbor1y,larbor1y@artisteer.com,wmRB56/#%V
Danielle,Westall,4211961,9863 Lakewood Gardens Plaza,dwestall1z,dwestall1z@w3.org,jtFS28*_xu|jMI+lz
Sibley,Tapply,1701015,73548 Holy Cross Center,stapply20,stapply20@paginegialle.it,oqDU85/#*Cx1Y7pC
Arnie,Ellwood,580890,12998 Mayer Junction,aellwood21,aellwood21@cargocollective.com,"kyWT71\\RP,c"
Wilmar,McKeeman,9939174,474 Clemons Plaza,wmckeeman22,wmckeeman22@wunderground.com,zqYO08&~7qBQem>
Leola,Mewe,5397919,11835 Daystar Avenue,lmewe23,lmewe23@berkeley.edu,"lyEP42\,0u`lZbg"
Theo,Scaysbrook,8526396,92145 Linden Trail,tscaysbrook24,tscaysbrook24@shutterfly.com,cdMS13#}y=h1)\pb`
Maryanne,Powers,8312956,7137 Hoffman Trail,mpowers25,mpowers25@soup.io,uzEF82#%IUK+X>U
Odo,Sayward,987104,91127 Paget Junction,osayward26,osayward26@twitter.com,kvBS10)}@%#DT+
Gwendolyn,Wattins,8835244,580 Charing Cross Point,gwattins27,gwattins27@meetup.com,lfZG00}*Af
Loralie,Westmore,2024971,90401 Lien Circle,lwestmore28,lwestmore28@huffingtonpost.com,xtVC66|`I#wOY3BJ
Bjorn,Burney,7721417,226 Rigney Alley,bburney29,bburney29@seattletimes.com,gdIM70'=Zq5`
Clementina,Sinderland,3831219,36 Paget Point,csinderland2a,csinderland2a@pen.io,"vvFE41*,NWd"
Orin,Bloomfield,7119846,658 Sunbrook Crossing,obloomfield2b,obloomfield2b@reverbnation.com,"piQB58&,RuR0(`!,NK?C"
Deborah,Izac,154250,51518 Oak Street,dizac2c,dizac2c@bloglovin.com,"bnWS01,#vRHC"
Worden,Buckingham,229108,392 Goodland Hill,wbuckingham2d,wbuckingham2d@icio.us,lzIH88<(PfOB
Hill,Margaret,2307005,38971 Lerdahl Point,hmargaret2e,hmargaret2e@1und1.de,ocIH66?.sIAvf?i&$\7
Susana,Collyns,3014179,22 Thompson Terrace,scollyns2f,scollyns2f@sakura.ne.jp,sfZV47`%zHm*c%
Angeline,Cereceres,1657673,0 Riverside Center,acereceres2g,acereceres2g@umn.edu,"bsDS77#,/I*KKv0Tr4'b"
Herby,Jannasch,3636467,927 Sage Drive,hjannasch2h,hjannasch2h@ezinearticles.com,acCN38(.BPZlyg1LYW%
Sela,Arnholtz,4283689,84998 Mandrake Junction,sarnholtz2i,sarnholtz2i@apache.org,hgTN31+)9E5WbY=)O
Holly-anne,Rastall,6450890,4 Erie Terrace,hrastall2j,hrastall2j@youku.com,zvRM49)>Nmxj2y/$6Z
Arliene,Backshill,5852047,01940 Shelley Park,abackshill2k,abackshill2k@wsj.com,xzSB74_+nC6t/j{CI
Marsh,Ottery,4284856,3770 Red Cloud Crossing,mottery2l,mottery2l@prlog.org,wqWN88.!Y3s=
Amalee,Rubertis,5612966,9 Mendota Lane,arubertis2m,arubertis2m@google.com,"oeSA41""._o)q2D(r"
Riki,Normington,9322302,7 Pawling Hill,rnormington2n,rnormington2n@cmu.edu,nkCF70$%kwiA.
Pammie,Ralfe,6783349,4789 Merry Hill,pralfe2o,pralfe2o@live.com,sqSQ41+$e.YXSUYN
Kennan,Torbard,5427572,53699 Cordelia Point,ktorbard2p,ktorbard2p@hibu.com,icXX34?&Kf5
Ophelia,Cuseck,4436026,7840 Garrison Road,ocuseck2q,ocuseck2q@indiatimes.com,xhBC69=!tK*W8u=ka3F
Luce,Cabrer,2756576,3155 David Trail,lcabrer2r,lcabrer2r@hp.com,"thCY51""~!dq=g&#4Ki"
Ilaire,Greve,1701136,44 Hoard Terrace,igreve2s,igreve2s@artisteer.com,whTY95_|Zi@R?rC/{?WO
Alessandra,Gaddas,9330594,42 Summer Ridge Hill,agaddas2t,agaddas2t@google.fr,"eiNK55~,XzOJW?nDL.I"
Christophe,Ludlamme,2135481,498 Pine View Street,cludlamme2u,cludlamme2u@prweb.com,"skVE15*{LDT""|Ly{"
Dorelia,Rollett,2652072,18613 Anthes Drive,drollett2v,drollett2v@netlog.com,wfTA30#|8xz?H=hd
Rhodie,Millions,380674,9 Briar Crest Avenue,rmillions2w,rmillions2w@google.es,arEW97?'C6|TS|Kt+ru
Doralynne,Pennetta,6011598,5096 Stone Corner Pass,dpennetta2x,dpennetta2x@lulu.com,"jtWX98`}15rjo#,0{$"
Deirdre,Scarse,2118495,881 Cody Lane,dscarse2y,dscarse2y@businessweek.com,rmKG19><ECwET9qrA@t
Aarika,Lipman,6582284,5 Mallard Drive,alipman2z,alipman2z@weibo.com,wmJA30@|C=6l9H
Allyson,Folks,8068244,30 Brown Park,afolks30,afolks30@studiopress.com,obRO49}>k*K+tag#
Thaddeus,Colbeck,127190,70433 Northwestern Avenue,tcolbeck31,tcolbeck31@icq.com,"udAD14'(,56rN&c"
Grady,Calway,2239407,286 Cherokee Circle,gcalway32,gcalway32@dyndns.org,fgWC32)_FnGm+T
Jard,Iacovini,735881,70 Algoma Pass,jiacovini33,jiacovini33@slate.com,piWK03$)'p!34
Rees,Platfoot,1548968,855 Declaration Crossing,rplatfoot34,rplatfoot34@wikipedia.org,tsQG28\(3'J%FC
Sherline,Storrier,3311341,78021 Warrior Road,sstorrier35,sstorrier35@naver.com,beNV61>?'C
Leonidas,Evenett,8115073,9259 Redwing Point,levenett36,levenett36@ucoz.com,sxIJ96)@_O`k~
Maxi,Ragg,2074343,3898 Cordelia Center,mragg37,mragg37@ibm.com,moRE75>>7Qb
Drake,Mitkin,6898855,42569 Annamark Hill,dmitkin38,dmitkin38@cpanel.net,kcXM20#{&$X<7t
Milty,Moneti,4869300,7 Dahle Way,mmoneti39,mmoneti39@lulu.com,cpEH12=(>+af
Andriana,Greenroa,8491630,49710 Rowland Crossing,agreenroa3a,agreenroa3a@cargocollective.com,ypUU87~?W.
Marni,Rutigliano,1021438,1 Forster Point,mrutigliano3b,mrutigliano3b@networksolutions.com,pmFU36$*V4L\ZOXI!
Devina,Scawton,7783340,5517 Hovde Point,dscawton3c,dscawton3c@cornell.edu,wwJB05?~`TQ5e.
Efren,Elegood,9296113,3282 Ridgeway Junction,eelegood3d,eelegood3d@upenn.edu,"mdZE30>`uj*@)Fd,Vk"
Krystal,Bodycote,6695572,1 Burning Wood Court,kbodycote3e,kbodycote3e@hp.com,sgBF21?.PbZQ6*}P&
Rosemaria,Strangeways,6475174,190 Main Place,rstrangeways3f,rstrangeways3f@bloglovin.com,pbFM22}|(Dm6*p'/&8~
Alisander,Kentwell,8062870,0834 Clyde Gallagher Place,akentwell3g,akentwell3g@vistaprint.com,whVQ58*)xE!a5JZ#!w
Bradney,Sennett,951770,9545 Knutson Avenue,bsennett3h,bsennett3h@globo.com,zsZH72>@'Z~QtVND208
Stephi,Juppe,4775112,31 Mallory Pass,sjuppe3i,sjuppe3i@auda.org.au,poQY05{}@LE3
Cello,Westover,5188380,32067 Talmadge Terrace,cwestover3j,cwestover3j@nytimes.com,zjEG13\_g/Uop$
Brock,Raubenheimer,1502949,2974 Leroy Circle,braubenheimer3k,braubenheimer3k@facebook.com,vdUW96#@HecAD+0_V
Alberto,Gunther,4278183,715 Susan Way,agunther3l,agunther3l@lycos.com,joGC29|}_gI3BH
Jefferson,Skough,8814919,85 Shoshone Avenue,jskough3m,jskough3m@vkontakte.ru,zeCL59##7s
Carleton,Korlat,6616309,04 Anniversary Alley,ckorlat3n,ckorlat3n@nbcnews.com,xoJS54(}z/{iqF
Harry,Francillo,5639737,41 Jay Street,hfrancillo3o,hfrancillo3o@livejournal.com,wqYN46}|E!6sOn?N
Brody,Morrant,5851754,1 Lighthouse Bay Pass,bmorrant3p,bmorrant3p@discuz.net,gyIL64){fAZaP6ADF
Stephan,Desantis,1572408,40 Marcy Place,sdesantis3q,sdesantis3q@mayoclinic.com,zfIQ57}#E/w}#G)B!e
Gian,Le Friec,167586,4 Porter Circle,glefriec3r,glefriec3r@sakura.ne.jp,"hwNH78`)g""T"
Karlene,Muehle,3183529,49 Washington Plaza,kmuehle3s,kmuehle3s@4shared.com,"ifVR10""+wavr%C"
Moll,Adlington,9754912,91 Bobwhite Center,madlington3t,madlington3t@blogs.com,"thDS19?@TKZac|4"""
Lavinie,Carnson,1387936,98 John Wall Hill,lcarnson3u,lcarnson3u@liveinternet.ru,"lkEG37)"".E"
Bancroft,Craig,6098431,353 Warbler Point,bcraig3v,bcraig3v@godaddy.com,"wuZW96#${&""aSIAd%"
Darlleen,Moreman,4027670,3470 Canary Circle,dmoreman3w,dmoreman3w@webnode.com,grXU92{(?PB1c\DI1
Iseabal,McShirrie,9843335,8 Utah Court,imcshirrie3x,imcshirrie3x@shop-pro.jp,"tgXD06=,kB{}vB'vF|1_"
James,Janikowski,5561166,19 Thierer Lane,jjanikowski3y,jjanikowski3y@theglobeandmail.com,faTC75%>QpV@~Y>hDb}
Marjory,Habin,1290678,552 Banding Point,mhabin3z,mhabin3z@acquirethisname.com,srIS91<)er(bHy)H
Sutherlan,Osbaldstone,8349233,86466 Summit Plaza,sosbaldstone40,sosbaldstone40@merriam-webster.com,tbSG06'!4@
Robert,Capener,8948773,6389 Talisman Road,rcapener41,rcapener41@studiopress.com,dhJC56\*paxd9A!>~
Agathe,Stanway,9597363,9 Delladonna Point,astanway42,astanway42@live.com,bpJW05?~E||T$of284
Marya,Oselton,9451595,28695 Toban Trail,moselton43,moselton43@stanford.edu,nuBY07(%W_@XUl@B=1J1
Loretta,Burch,2867340,34180 Dwight Avenue,lburch44,lburch44@intel.com,qpIH40<@>cN`QwpT9{g
Doralia,Goddman,1684502,1268 Moose Junction,dgoddman45,dgoddman45@sphinn.com,"ucQI16'#s0p""1$V>Pdi"
Lindsey,Samsin,7072467,9554 School Road,lsamsin46,lsamsin46@statcounter.com,qwXX17||@p
Odetta,Croxford,6376092,09 Texas Lane,ocroxford47,ocroxford47@reddit.com,"wrQU25$,f7phS4l"
Clarine,Warne,713035,01 Sheridan Trail,cwarne48,cwarne48@lulu.com,laYK79'_D/VrbP$
Egan,Archbald,6666194,65 Manitowish Avenue,earchbald49,earchbald49@rambler.ru,cpPX71*(Li
Camala,McGinnell,2285187,6 Service Pass,cmcginnell4a,cmcginnell4a@wikipedia.org,"zwJE43_$v$+?M,Fm}D"
Rebecka,Edgson,1673488,03 Bellgrove Alley,redgson4b,redgson4b@taobao.com,mdEV17`+~@t=$J9
Lewie,De Carolis,6607229,9401 Maryland Terrace,ldecarolis4c,ldecarolis4c@biblegateway.com,ixEV90<\Fc?vFyK~v=BA
Selma,McBeath,6627854,9013 Parkside Crossing,smcbeath4d,smcbeath4d@a8.net,kdGI55*+sSwg
Chic,Fridlington,3401029,4761 Katie Circle,cfridlington4e,cfridlington4e@timesonline.co.uk,"zmED60\!nh,hg""DTT"
Drusy,Lanchbury,8546921,9929 Bowman Center,dlanchbury4f,dlanchbury4f@nih.gov,scDA93)*Rm#d
Lola,Drillingcourt,721817,5150 Russell Place,ldrillingcourt4g,ldrillingcourt4g@youku.com,"rhEC57%*KVEFt=q""'>I?"
Karina,Ellwell,2957392,44 Prentice Avenue,kellwell4h,kellwell4h@telegraph.co.uk,dsHG70`*r=J
Vilma,Roote,9359745,7 Nancy Hill,vroote4i,vroote4i@wikispaces.com,vyRP32'.8S
Aldon,Conningham,8713761,02 Park Meadow Trail,aconningham4j,aconningham4j@liveinternet.ru,owWH93+>Y%G>_V!Y}/?
Craggie,Story,8710441,18 Monica Terrace,cstory4k,cstory4k@cloudflare.com,ktJH99'@o$7
Conny,Charnick,9690423,91404 Becker Place,ccharnick4l,ccharnick4l@arizona.edu,gnPW37?*?z\
Laney,Dockrill,3562466,5354 Sauthoff Way,ldockrill4m,ldockrill4m@comsenz.com,vvPY05*}(lcjatk\
Jerri,Stokes,6402818,464 Blackbird Parkway,jstokes4n,jstokes4n@un.org,otPC83>@$ysIw02Q7
Enriqueta,Morfett,3100415,0 Merchant Terrace,emorfett4o,emorfett4o@seattletimes.com,omIA33%=$+=|G0l
Carolyn,Strotton,6577976,44 Lighthouse Bay Circle,cstrotton4p,cstrotton4p@google.co.jp,efVS37_#eRm3uA~
Merrili,Frankom,1752507,473 Lindbergh Terrace,mfrankom4q,mfrankom4q@vistaprint.com,mcNM23.~|O
Britteny,Makey,8799852,88680 Mitchell Drive,bmakey4r,bmakey4r@ucoz.com,"tsWJ06,*)@fE<ymMOL"
Phil,Theobalds,1185345,707 Rieder Hill,ptheobalds4s,ptheobalds4s@youtu.be,gnXB86(($N2
Benton,Shevelin,8957204,6 Shopko Circle,bshevelin4t,bshevelin4t@hhs.gov,fuVX68)+i/=vbL2U|w5$
Farrand,Sturman,6646439,311 Mandrake Lane,fsturman4u,fsturman4u@parallels.com,"mrLK70`""qpHD'YsM5z23"
Frederico,Blaase,9583896,633 Hudson Parkway,fblaase4v,fblaase4v@123-reg.co.uk,tpEL03}'.zN=v`xpFP
Alonzo,Emanueli,4982266,293 Oakridge Street,aemanueli4w,aemanueli4w@moonfruit.com,teHN22$'VBh}aQX
Obie,O'Spillane,4114758,57 1st Street,oospillane4x,oospillane4x@army.mil,lcLK24>+Z=%l
Parnell,Pedroni,9142551,31418 Maryland Plaza,ppedroni4y,ppedroni4y@netscape.com,"btHQ99,=B~"
Lucila,Siggens,8135787,35825 Brentwood Lane,lsiggens4z,lsiggens4z@parallels.com,nzXX85+?=meW+H
Silvie,Lightfoot,2358989,03 Veith Pass,slightfoot50,slightfoot50@zimbio.com,uaKJ29{!RfG}0%Ra<v
Butch,Rabjohns,3115728,56739 Dexter Center,brabjohns51,brabjohns51@un.org,laPN11@/!oy
Aida,Matts,8056940,1 Holy Cross Hill,amatts52,amatts52@toplist.cz,mdSD67.}rSfaH8#&
Temp,Reicharz,9866357,765 Darwin Junction,treicharz53,treicharz53@pcworld.com,boVW14)'7Db*&zVy_Z
Giraldo,Littlepage,8060501,7 Northfield Way,glittlepage54,glittlepage54@boston.com,hxAK79*@!a!QtH
Staci,Cortes,8885556,55 Jenifer Circle,scortes55,scortes55@cargocollective.com,knIU96)>=ilV*20f
Sacha,Danilovic,5709874,6001 Blue Bill Park Trail,sdanilovic56,sdanilovic56@qq.com,xmPJ43({/v)B
Case,Doughtery,9658426,019 Green Ridge Place,cdoughtery57,cdoughtery57@parallels.com,pwVG77>}<L46pWK
De witt,Bickmore,8402418,84020 Division Street,dbickmore58,dbickmore58@craigslist.org,"cnHG70""<NH/"
Galvin,Sheryne,6989907,8 Loeprich Way,gsheryne59,gsheryne59@privacy.gov.au,hzFJ85%)U`a
Floria,Goathrop,5084908,3 Green Drive,fgoathrop5a,fgoathrop5a@goo.ne.jp,rnJP78~<9D
Benny,Morten,7858771,591 Commercial Lane,bmorten5b,bmorten5b@de.vu,deWB89=.SjH+@DC
Layton,Allbut,6603048,71596 Paget Junction,lallbut5c,lallbut5c@hubpages.com,"btJS33,""Hs+w"
Genia,Capsey,6827281,20383 Center Circle,gcapsey5d,gcapsey5d@simplemachines.org,reIT72<>3$Rj
Skyler,Swinerd,6668641,0309 Vera Drive,sswinerd5e,sswinerd5e@apple.com,lyLI43~}dINzPG2HGZ
Anett,Heis,6103571,4006 Basil Circle,aheis5f,aheis5f@barnesandnoble.com,"rwQB18@,|FLz"
Ford,Bisley,4282287,471 Talmadge Avenue,fbisley5g,fbisley5g@google.com.br,pwFQ58._L.CB0dxC
Wanda,O'Dwyer,7899730,96209 Jana Hill,wodwyer5h,wodwyer5h@wikipedia.org,"ktBW55~,I=3"
Jilli,Dubery,3935211,9 Amoth Junction,jdubery5i,jdubery5i@dion.ne.jp,ylSX67*(_6x
Neill,Lere,2503801,20 Springview Pass,nlere5j,nlere5j@networkadvertising.org,ifFY97)++(wE4
Kanya,Lightewood,1878589,15701 Lerdahl Lane,klightewood5k,klightewood5k@dailymail.co.uk,mjDC84@.AcGb?
Joelie,Iacovini,9677994,513 Mcbride Circle,jiacovini5l,jiacovini5l@google.cn,"dlQH70!}J,"
Svend,Keyse,720065,7018 Schlimgen Trail,skeyse5m,skeyse5m@geocities.jp,fdEU44'@6Mz
Livvyy,McOwen,8087680,06 Stang Street,lmcowen5n,lmcowen5n@twitpic.com,ldJQ04(%gPv@~u
Marybeth,How,4846828,19159 Glacier Hill Way,mhow5o,mhow5o@ihg.com,xvPR94|?Kw'54b(l_<u
Johnath,Boyde,5677673,51 Tony Alley,jboyde5p,jboyde5p@joomla.org,vvXJ18'<hI_Ii85\o3'A
Isaak,Antushev,8985408,8 Aberg Way,iantushev5q,iantushev5q@webmd.com,"ukKK57*|(N{JpUF!HU"""
Enrique,Tattersill,7713510,5 Carpenter Parkway,etattersill5r,etattersill5r@noaa.gov,uwXL43=<I7_7rm3&?p
Shea,Iliffe,4137663,7 Columbus Place,siliffe5s,siliffe5s@shutterfly.com,ldRQ67_#@5376h0
Bibbye,O'Kelly,6297348,3928 Fairfield Trail,bokelly5t,bokelly5t@oracle.com,ewKJ06<(wqW@8mX%O`
Hew,Scurr,3545920,18 Warrior Plaza,hscurr5u,hscurr5u@typepad.com,"eeOW36""\bM"
Martainn,Curgenuer,408220,9346 Vermont Drive,mcurgenuer5v,mcurgenuer5v@cargocollective.com,mgHB38</?Ugg&<tZ54Q
Hinze,Waberer,5300549,202 Merrick Hill,hwaberer5w,hwaberer5w@toplist.cz,"brHJ04))Tb""Wlyc$mG""<"
Marris,Dupoy,9122822,90 Bluestem Road,mdupoy5x,mdupoy5x@japanpost.jp,"nmQD22/_GTP~@J5""YMl"
Franky,Ilyunin,492531,6115 Morrow Park,filyunin5y,filyunin5y@kickstarter.com,eaPL32\`~YOZrye>$Sh
Bev,Szapiro,3807276,319 Schiller Circle,bszapiro5z,bszapiro5z@cocolog-nifty.com,maTS70**h)mFp0&>#E
Dino,Borg-Bartolo,2389800,099 Spenser Circle,dborgbartolo60,dborgbartolo60@cdbaby.com,"jaJF34|,>.3."
Elvera,Itzkowicz,3851257,92 Pennsylvania Avenue,eitzkowicz61,eitzkowicz61@techcrunch.com,lyXW42$%PtQcs_
Rebecca,Eberts,8080405,78473 Magdeline Street,reberts62,reberts62@apple.com,"ixOW54!$!\|y{,f""Kq,#"
Nyssa,Markl,7897414,00710 Spenser Circle,nmarkl63,nmarkl63@zdnet.com,"hdHI36'_l+5U.""k~2"
Christi,McGown,4314213,43 Lyons Trail,cmcgown64,cmcgown64@wunderground.com,"baAW78{""mSAwYIXD?xn6"
Shelden,Seeborne,7373626,8343 Mitchell Pass,sseeborne65,sseeborne65@blog.com,lqZC87{?ozvT
Janey,Hemmingway,9853632,3597 Moose Lane,jhemmingway66,jhemmingway66@princeton.edu,"kcPL65,<B'"
Kiele,Pedrocco,5104387,9654 Blaine Parkway,kpedrocco67,kpedrocco67@google.ca,wtIZ19$\3cZfKt
Omero,Hay,9606520,687 Lunder Hill,ohay68,ohay68@sogou.com,mnIS03&!d47Tu
Natalina,Bernlin,8832162,524 Daystar Place,nbernlin69,nbernlin69@alibaba.com,jbHN01/!>q
Holly-anne,Daud,1421951,0942 Burning Wood Park,hdaud6a,hdaud6a@posterous.com,"goEQ46(\er},"
Kimberli,Mingus,9758457,17 Lakewood Avenue,kmingus6b,kmingus6b@go.com,gaBE75}(\kxI)G2
Dina,Laughtisse,5624134,869 Veith Point,dlaughtisse6c,dlaughtisse6c@cmu.edu,tqFI08_.ZRlz~MmD
Roshelle,Twelftree,997070,80897 Lawn Trail,rtwelftree6d,rtwelftree6d@sourceforge.net,ouEE61!#gWt'AUr
Lenette,Whitsey,9373986,2443 Truax Hill,lwhitsey6e,lwhitsey6e@deviantart.com,siKT36=_0/8N$mQ
Dallas,Delany,8312707,70221 Algoma Lane,ddelany6f,ddelany6f@tripod.com,"ijXD32""\xHE6p*IzRZ"
Lesya,Lygo,8120380,39 Scofield Drive,llygo6g,llygo6g@de.vu,kbIY90{%KeAm\)H
Morgana,Maidment,4903383,4 Westport Pass,mmaidment6h,mmaidment6h@github.io,"afSN14+,UdNM""5xS}Fr"
Cynde,Fidilis,5098881,53875 Northridge Plaza,cfidilis6i,cfidilis6i@elegantthemes.com,hhPT42_}7TIy|9OaK$yx
Irina,Riddick,1982156,08 Corry Lane,iriddick6j,iriddick6j@noaa.gov,qdOO27/_zuGWH1Han3~
Jemmy,Beggin,5381409,726 Summerview Park,jbeggin6k,jbeggin6k@cam.ac.uk,"flEP95._OC,2>~Bl"
Kathlin,Wickes,7096622,174 Marquette Street,kwickes6l,kwickes6l@aol.com,ieXE87|&*X7P#ov0?U
Chelsy,Von Welden,3566570,987 Merry Street,cvonwelden6m,cvonwelden6m@hexun.com,udTM47>(m~`H)Plp
Dorrie,Hovie,8323588,9955 Chive Junction,dhovie6n,dhovie6n@xrea.com,liTB58`)fW9q2qQT|1=W
Jaye,Trussell,9188984,94 Sage Street,jtrussell6o,jtrussell6o@canalblog.com,wtVS32#=CD/
Arlena,Dodson,1061959,5694 Katie Center,adodson6p,adodson6p@hibu.com,knRJ17$?!?iF)MwKlp_D
Emmalynn,Dongate,3659468,079 Fieldstone Point,edongate6q,edongate6q@prnewswire.com,"qmBM02\/DySJ"")8Adhwx"
Brit,Spindler,6654605,70043 Sloan Pass,bspindler6r,bspindler6r@sciencedaily.com,"ggOT18+',L'hGzvO"
Willabella,Esp,7859917,8 Havey Park,wesp6s,wesp6s@google.es,"tsNA16?,$7)gt"
Sophronia,Gadney,3575298,94122 Fairfield Point,sgadney6t,sgadney6t@engadget.com,"rfBH68""\rN<}Ne7pMlEw"
Robbin,Coon,467664,7 Chive Pass,rcoon6u,rcoon6u@usatoday.com,"mwZG42$""WlsXf4*bHjJw"
Lyndsay,Tennock,3580650,860 Tennyson Circle,ltennock6v,ltennock6v@admin.ch,weNU03)!z4XcE
Bondy,Wettern,4547681,13 Donald Alley,bwettern6w,bwettern6w@theglobeandmail.com,nhSK80(/vqk>k9Vf
Lorin,Lilbourne,2769500,970 Oak Crossing,llilbourne6x,llilbourne6x@cbslocal.com,"ykOA46"".P$Uj*XF"
Bertha,Skeermer,3769657,59 Gateway Court,bskeermer6y,bskeermer6y@java.com,wwFK92)@n8V
Teddy,Crickett,2481728,20 Packers Plaza,tcrickett6z,tcrickett6z@drupal.org,krCO41&?Y6YV
Hildegarde,Mallya,6768576,57259 Hauk Alley,hmallya70,hmallya70@deliciousdays.com,zhUL41'?VL2@?fU><>}
Mattie,Rollason,6547393,5 Jackson Junction,mrollason71,mrollason71@so-net.ne.jp,kcPL55\|7>.4C/
Meryl,Hellen,2549932,9 Dexter Plaza,mhellen72,mhellen72@youtube.com,qvQU65\)BxjKx#e
Camille,Caulcott,9216240,3212 Old Shore Place,ccaulcott73,ccaulcott73@spiegel.de,"nhQL16""*$*pnogc,W"
Haven,McGrane,4527543,06883 Westport Road,hmcgrane74,hmcgrane74@time.com,hkZZ23'_T.
Shannan,Greenin,2602846,18869 Mallard Lane,sgreenin75,sgreenin75@cisco.com,foQE62%.P=8
Garek,Bugdale,6193452,266 Cottonwood Park,gbugdale76,gbugdale76@usatoday.com,teXZ41'\hV6(O0h
Shari,Dohr,5033426,763 Fair Oaks Road,sdohr77,sdohr77@sina.com.cn,ouQW23='ZX5O_%u
Tom,Clacson,5784836,1 Farmco Avenue,tclacson78,tclacson78@apple.com,obWO82!<@>S*R(n
Federico,Paulon,4229434,2096 Anzinger Avenue,fpaulon79,fpaulon79@europa.eu,pqYN94_*'dcQJ
Marys,Willavize,7770592,779 Dapin Circle,mwillavize7a,mwillavize7a@skyrock.com,ieNN14~?Jzb#V
Estelle,Lathan,1360978,284 Briar Crest Avenue,elathan7b,elathan7b@photobucket.com,tyCI66'~u(?UQV)s9
Magdalen,Herley,3288202,28777 Loomis Terrace,mherley7c,mherley7c@youku.com,"jmOV02""|4Ic0|ds|mhj"
Katey,Mouse,951025,999 Ruskin Plaza,kmouse7d,kmouse7d@angelfire.com,qeBR32`/{tz
Stepha,Spreadbury,7736540,3 Hoepker Park,sspreadbury7e,sspreadbury7e@samsung.com,agNV54?(x)vBj7Af$Q(g
Rudiger,d'Escoffier,8899435,6 Amoth Road,rdescoffier7f,rdescoffier7f@nbcnews.com,"zaPY02.""(K..x~"
Arliene,Philcock,965675,42 Arkansas Trail,aphilcock7g,aphilcock7g@dailymotion.com,"sdKK32?~,}R_aNTF"
Madge,Hebblethwaite,3275812,70729 Sutteridge Street,mhebblethwaite7h,mhebblethwaite7h@ebay.co.uk,inSN71%#89
Becca,Jaan,1985046,0 Morrow Plaza,bjaan7i,bjaan7i@barnesandnoble.com,ssLH12${k0Rg#u
Torre,Copland,3837842,20212 Corben Street,tcopland7j,tcopland7j@canalblog.com,xwKL67(}9XQ$
Blanche,Lipscomb,3279759,16 Redwing Plaza,blipscomb7k,blipscomb7k@youtube.com,wnHV67!<$d
Gavra,Leguay,3119077,114 Rutledge Point,gleguay7l,gleguay7l@yelp.com,vgJV35<=?B_pGGma2
Carson,Branca,3929529,13 Oak Pass,cbranca7m,cbranca7m@sitemeter.com,drOH51{{VI
Larissa,Kondratyuk,1472464,9 Bashford Terrace,lkondratyuk7n,lkondratyuk7n@tuttocitta.it,asUD31??bQD`ji'!!pzG
Sharai,Musicka,7961416,655 Pine View Drive,smusicka7o,smusicka7o@jiathis.com,xhAM05!@P!J0
Cecile,Storres,6754571,3 Troy Place,cstorres7p,cstorres7p@youtube.com,"jtWZ36%/""*R*$6qYW#"
Gaby,Criag,4548794,8 Twin Pines Hill,gcriag7q,gcriag7q@census.gov,vxPV02`?pxn)_M
Kip,Alban,1523705,13544 Grover Road,kalban7r,kalban7r@pbs.org,hkDF71|_txc+ixBq
Elsy,Gallifont,7014968,27021 Fairview Trail,egallifont7s,egallifont7s@shareasale.com,xkHJ45@+3y4Gmq?E
Reilly,Dunsire,5120892,70732 Gale Center,rdunsire7t,rdunsire7t@go.com,llBR07#<!1l5KhG=$B9
Cheston,Masse,6125574,45494 Evergreen Road,cmasse7u,cmasse7u@hhs.gov,wmXJ71!#t0CHf
Jolie,Fouracres,4666541,4425 Main Parkway,jfouracres7v,jfouracres7v@prweb.com,vnVX06!%<z2l\y0+@\
Mikel,Endacott,569898,2 Scott Junction,mendacott7w,mendacott7w@bbb.org,caLE07<>w_
Gherardo,Rivilis,9573889,387 Moland Lane,grivilis7x,grivilis7x@yolasite.com,aoVJ47?~?pF5.H!H0fmc
Shae,Milan,6390308,9373 Moland Lane,smilan7y,smilan7y@japanpost.jp,zeUE89?\zQ+b
Katerina,De Ferraris,252249,9606 Hanover Drive,kdeferraris7z,kdeferraris7z@umich.edu,"ofQP10>_U?1,?"
Mac,Sinnock,4383960,21881 Hoffman Court,msinnock80,msinnock80@51.la,bbMM48|'bH
Huntington,Russilll,4732946,96 Annamark Parkway,hrussilll81,hrussilll81@reverbnation.com,"dwKG34`)'C""v)w"
Kippie,Sutherel,995735,12 Roth Street,ksutherel82,ksutherel82@usatoday.com,usLN38**R>CWlv
Florry,Von Salzberg,545052,5691 Milwaukee Court,fvonsalzberg83,fvonsalzberg83@apple.com,uwTK73&(o))sJS
Zulema,Gounet,1600297,87 Oxford Center,zgounet84,zgounet84@wikia.com,nzTC00!</R+)J_uv
Wilbur,Bowdidge,7685976,0139 Golf Course Park,wbowdidge85,wbowdidge85@constantcontact.com,tzWE38=*7g*K?r6L
Gaynor,Brizland,194327,3754 Florence Junction,gbrizland86,gbrizland86@icq.com,jqJS33$\@1>
Aurelea,O'Malley,7994983,9 Independence Crossing,aomalley87,aomalley87@si.edu,voFB35{|u2HJT/551
Thaddus,Mawman,5785331,04289 Memorial Avenue,tmawman88,tmawman88@flavors.me,zrBQ87*`o'&
Iggie,Dove,3723776,8245 Dawn Street,idove89,idove89@theguardian.com,zpNM52_)ShvqH8
Jacobo,Aucoate,6792191,13 Fisk Drive,jaucoate8a,jaucoate8a@ed.gov,"taGX29,@Y|gh5Vf.6"
Tana,Denisovich,6105236,4660 Eagle Crest Alley,tdenisovich8b,tdenisovich8b@psu.edu,ewQO19%*D!9BL\d)dL
Danny,Erb,4193551,00 Everett Drive,derb8c,derb8c@example.com,"wrLX92(),`mY*?C~i"
Roshelle,Hubbold,5950006,47 Butternut Hill,rhubbold8d,rhubbold8d@topsy.com,amVG72~`SUqAVnHH`SYz
Reeba,Ruppert,9731607,8 Schlimgen Junction,rruppert8e,rruppert8e@theguardian.com,eeSV41)}mqAaIYh(_i
Lauree,MacNelly,927870,63 Michigan Place,lmacnelly8f,lmacnelly8f@tripadvisor.com,rxTG16%=pf
Base,O'Connolly,591771,45 Melody Lane,boconnolly8g,boconnolly8g@shinystat.com,frXI38<{)2yC=vm
Maximo,Lympenie,1230189,160 Lien Crossing,mlympenie8h,mlympenie8h@paypal.com,jeSH23=#v##%TH
Wallace,Caulwell,4485336,472 Shasta Trail,wcaulwell8i,wcaulwell8i@phoca.cz,jsNE06%'OB
Della,Jozsef,8943931,7 Prairie Rose Hill,djozsef8j,djozsef8j@auda.org.au,gdTO64//f0VMv=5
Sella,Cornfoot,2718047,204 Pawling Trail,scornfoot8k,scornfoot8k@scientificamerican.com,"deTH23<&,q1y'=u2cTD"
Fawne,Rapps,2704750,71892 Del Sol Lane,frapps8l,frapps8l@flickr.com,hhXX21$&kCjGd?dTv4o
Glory,Seymark,5623009,2 Carioca Alley,gseymark8m,gseymark8m@reuters.com,"nrHF15##mshv""JGx!"
Collen,Greeding,6911814,67 Westerfield Circle,cgreeding8n,cgreeding8n@wisc.edu,kkOI93%?6dB_yM
Orelia,Cussins,6866488,2 Center Way,ocussins8o,ocussins8o@liveinternet.ru,ivXD97?*b>Zsi|
Marcellina,Evill,9776021,003 Toban Road,mevill8p,mevill8p@goodreads.com,sbGI00$_B534f.k&z
Leonora,D'Angeli,5725614,1 Londonderry Alley,ldangeli8q,ldangeli8q@nytimes.com,uxAL30{)q3AA`{$9kUO)
Cherise,Itzkovitch,3234942,59 Katie Center,citzkovitch8r,citzkovitch8r@hud.gov,"iaPV57""~@r\_Z"
Durand,Wicher,1379121,192 Becker Alley,dwicher8s,dwicher8s@seesaa.net,qbHA49>$J2eKvt+
Rosie,Every,2691790,80719 Blaine Crossing,revery8t,revery8t@amazon.co.jp,osEK04'**DEcD='2lA
Darelle,Ricketts,5028006,0 Crescent Oaks Court,dricketts8u,dricketts8u@jugem.jp,frBJ80%+33xq?p2YC0o
Eden,Dirr,9642773,11458 Magdeline Pass,edirr8v,edirr8v@tinyurl.com,jaQJ72>|Ikijk
Barbe,Merveille,9574412,90 Hallows Trail,bmerveille8w,bmerveille8w@arstechnica.com,"foXN18,%MhUg"
Melinda,Sherlock,3972067,67748 Mayfield Trail,msherlock8x,msherlock8x@mtv.com,dwDQ06/+g25KuH'Ni
Mason,Tomney,9166996,1518 Walton Terrace,mtomney8y,mtomney8y@behance.net,uvCD42''u0
Kristina,McBrearty,615381,97151 Drewry Parkway,kmcbrearty8z,kmcbrearty8z@va.gov,zmUE53({k'kxvDWA$J
Elnora,Zanneli,4624239,399 Hudson Circle,ezanneli90,ezanneli90@technorati.com,xdIT11+\.*
Adolphus,Trulocke,1837920,0 Sloan Terrace,atrulocke91,atrulocke91@home.pl,"trII75,""!@zJen'U0d~"
Jordain,O'Dulchonta,6286680,989 Carioca Way,jodulchonta92,jodulchonta92@vimeo.com,suXR79@'~2v
Abbie,Tibbs,3958795,3 Scofield Crossing,atibbs93,atibbs93@pen.io,izBQ58!'TnG.b_@S
Berry,Seavers,3428843,155 Laurel Junction,bseavers94,bseavers94@yale.edu,nzBY89`>s3.2
Ber,Treuge,3172975,64839 Brickson Park Lane,btreuge95,btreuge95@sourceforge.net,"daPJ16,%&!UWt"
Prentice,Ffrench,6963743,384 Miller Hill,pffrench96,pffrench96@mozilla.com,anQF27'.GsHrpL_@~ifK
Man,McKnockiter,8381692,25 Holmberg Parkway,mmcknockiter97,mmcknockiter97@wikimedia.org,vlQS17#)ER*A
Daffy,Whellams,4264860,34929 Waywood Circle,dwhellams98,dwhellams98@java.com,"swSR12@""JK_"
Lin,Abelwhite,8008164,0429 Evergreen Center,labelwhite99,labelwhite99@sohu.com,"oxLS94||riIaO\f""q1"
Donalt,Illston,9176740,47320 Hoepker Court,dillston9a,dillston9a@wiley.com,zkEA75_@lq|6
Merrielle,Prettyjohn,9227382,4692 Kropf Trail,mprettyjohn9b,mprettyjohn9b@narod.ru,hrCD30?\GGjs
Leanna,Jenking,7352574,6 Forest Dale Trail,ljenking9c,ljenking9c@yahoo.co.jp,"dkUK77,_AqsT"
Lanni,Chattelaine,6277436,0 Mendota Circle,lchattelaine9d,lchattelaine9d@independent.co.uk,rrFM44\$L6y
Tarrah,Walrond,9373605,9 Fallview Alley,twalrond9e,twalrond9e@youtu.be,zdXF91_@pQ
Gerianne,Meuse,7924528,56223 Vahlen Way,gmeuse9f,gmeuse9f@alibaba.com,znDC36&@@(abR!5Ex+z
Percy,Drexel,4448451,873 Banding Crossing,pdrexel9g,pdrexel9g@disqus.com,"boQB59""_Y\>0$6bM!uD"
Elsinore,Cudiff,4440758,00662 Fairfield Circle,ecudiff9h,ecudiff9h@behance.net,"xiBQ51+""b&{"
Madonna,Rubica,6350300,5833 Corry Circle,mrubica9i,mrubica9i@scientificamerican.com,unJJ88!`'04rtW&n
Chrysa,Garrood,9801375,9 Vahlen Crossing,cgarrood9j,cgarrood9j@engadget.com,drTG06=(`7hB?%c
Connie,Kitter,3060265,603 Loeprich Court,ckitter9k,ckitter9k@businessweek.com,wyKN67~$8&=zcE&
Taddeusz,Licciardi,117534,1201 3rd Crossing,tlicciardi9l,tlicciardi9l@google.com.br,bjWJ24<>/fq#<
Vanna,Mouser,4192389,201 Sage Crossing,vmouser9m,vmouser9m@intel.com,qnKZ72~*}q/asT
Pooh,Scanlan,2824184,60 Tony Road,pscanlan9n,pscanlan9n@examiner.com,eqQN92'<2jCe%h|
Ardenia,Mullard,3658503,93954 Golf Crossing,amullard9o,amullard9o@goo.gl,"wdQU90\*<+8k!Q=9bNd"""
Mireielle,Balderston,4484822,8728 Calypso Trail,mbalderston9p,mbalderston9p@cdbaby.com,"grZB61,'}gbl&KbQwd0I"
Kesley,Tutchell,3393161,6 Graedel Plaza,ktutchell9q,ktutchell9q@weather.com,gwZV48.>(jGQp_
Edythe,Niessen,9899216,9 Milwaukee Place,eniessen9r,eniessen9r@quantcast.com,rcSR63=$?O*
Trevar,Keatch,8705266,71 Pierstorff Hill,tkeatch9s,tkeatch9s@squarespace.com,nvBP33*@Qz%O{gPVc
Sayers,McCrisken,4217120,4 Tennessee Crossing,smccrisken9t,smccrisken9t@google.nl,xaGY74}'6aX?nG)
Reginauld,Liversidge,8463532,5409 Steensland Trail,rliversidge9u,rliversidge9u@ovh.net,lmZZ64=+D/b}
Kevina,Canelas,5558769,8 Kim Trail,kcanelas9v,kcanelas9v@bloomberg.com,oaZK34%'T<p
Carlina,Couchman,5144449,15481 Portage Crossing,ccouchman9w,ccouchman9w@amazon.com,"iwBK43""#odDKqFB<e"
Sara,Crepel,1605044,2 Kingsford Way,screpel9x,screpel9x@china.com.cn,lnBJ81/(1R.|cRh{R
Daria,Kender,3495772,9228 Kings Parkway,dkender9y,dkender9y@rakuten.co.jp,kuQL62%*W<<
Laina,Fishpond,4402121,5 Little Fleur Circle,lfishpond9z,lfishpond9z@wufoo.com,nsVJ50.$Tg%vPs
Cassandry,Kuschel,1008092,7 Alpine Lane,ckuschela0,ckuschela0@google.com.br,tnVF75{\A.mL
Robena,Mingey,8620357,6 Graedel Park,rmingeya1,rmingeya1@sciencedaily.com,cmBM09.$+J')mA#
Elvira,Bewshea,6545897,3086 Dryden Circle,ebewsheaa2,ebewsheaa2@answers.com,fsEH88~|VG'
Gerta,Teligin,8038509,91804 Union Way,gteligina3,gteligina3@gizmodo.com,kiNX32/*&\+
Clerc,Presnell,7213935,479 1st Lane,cpresnella4,cpresnella4@cpanel.net,ifKV59#~HZajx?(jA
Hurley,Blondin,8290981,0 Bartelt Crossing,hblondina5,hblondina5@moonfruit.com,tiAJ41'`b9*S
Burtie,Vicarey,8068326,52 Kings Terrace,bvicareya6,bvicareya6@dmoz.org,irTH37=!Za~EF$
Leisha,MacRanald,3698469,73316 Hayes Place,lmacranalda7,lmacranalda7@mysql.com,mmDX26'&'qCZcYvAzo|
Wilfred,Camilli,3268634,3575 Nevada Center,wcamillia8,wcamillia8@ted.com,"jmFR34""($FE`v0rj"
Wanids,Ibarra,7934668,775 Miller Alley,wibarraa9,wibarraa9@wisc.edu,"xvIG11,'K|`mC>h"
Dulci,Tuer,6469362,90973 Magdeline Point,dtueraa,dtueraa@cafepress.com,azQJ44+#1.dR7
Zsazsa,Natalie,355288,75 Sheridan Plaza,znatalieab,znatalieab@is.gd,soKN17=`6~StY07g)m
Vickie,Guidotti,4002858,37 7th Place,vguidottiac,vguidottiac@vinaora.com,slZT39`)Ow
Tiena,Rodmell,2852962,205 Westerfield Terrace,trodmellad,trodmellad@xrea.com,seCI84._NLk!<
Ezri,Whannel,5765744,48558 Manley Street,ewhannelae,ewhannelae@cornell.edu,fwHH37%!M>}
Dell,Ibotson,7905298,18607 Gerald Road,dibotsonaf,dibotsonaf@flickr.com,vmJP85}%vBL1
Barnaby,Kilalea,3057435,02 Prairie Rose Parkway,bkilaleaag,bkilaleaag@latimes.com,aoGK22@!v2q70r?x}
Ealasaid,Lowthian,5936337,1 Darwin Park,elowthianah,elowthianah@geocities.jp,ooRI74@=)E*AM/vS
Annabelle,Peatman,5904927,2642 Ryan Drive,apeatmanai,apeatmanai@hhs.gov,daYA52@%hD6Ej<5qW
Tanhya,Grisewood,2688731,0216 Meadow Valley Pass,tgrisewoodaj,tgrisewoodaj@people.com.cn,"pzQX80${)l"""
Yuri,Bezzant,3910305,97 Golf View Terrace,ybezzantak,ybezzantak@youtube.com,wcPK35/<ZSKWQ'k?NI
Adrian,Worcester,117918,312 Hollow Ridge Park,aworcesteral,aworcesteral@comsenz.com,lyWB14#\f5`L@(?@3
Jone,Gounel,8138245,665 Norway Maple Street,jgounelam,jgounelam@epa.gov,rzCL27_\E/uy3M@'
Ginger,Hember,6739335,2 Grover Trail,ghemberan,ghemberan@admin.ch,"vsKL35="",<*B`|Or)!"
Ignatius,Blanpein,7149127,52 Fieldstone Crossing,iblanpeinao,iblanpeinao@upenn.edu,dxED05?$CO&1
Minni,Bugdale,6921193,33 Burrows Parkway,mbugdaleap,mbugdaleap@tripod.com,qlTO49|?Q*HaG
Whitney,Aulds,9393594,40 Arkansas Place,wauldsaq,wauldsaq@nih.gov,ynGX98`*awq5=d0tr
York,Pont,3069665,4729 Wayridge Circle,ypontar,ypontar@salon.com,meGS12_$++HUkp$j*QB
Branden,Seint,1562642,91 Dixon Way,bseintas,bseintas@yandex.ru,brVQ84&*)_Q(/~%Kc
Thoma,Alexandrescu,5753608,82237 Victoria Junction,talexandrescuat,talexandrescuat@nba.com,zmJY44_`KY6wWH'
Langston,Philimore,8347753,0789 Duke Alley,lphilimoreau,lphilimoreau@about.com,tvBQ76$#nfqPyK*&R&eC
Angil,Coweuppe,7853282,918 Westport Parkway,acoweuppeav,acoweuppeav@amazonaws.com,ixLA01%&O$@J@$
Neely,Baxstair,8136954,54 School Junction,nbaxstairaw,nbaxstairaw@taobao.com,"yeGY87=}Y_(SBX"">,"
Lilah,Copcutt,8537873,47 Doe Crossing Point,lcopcuttax,lcopcuttax@forbes.com,mwDN08/\vhGVu\a\
Alfonso,Hazelby,4431289,79174 Haas Center,ahazelbyay,ahazelbyay@paypal.com,knXN76=~&2o
Hedvig,Pawlik,7510395,497 Toban Plaza,hpawlikaz,hpawlikaz@so-net.ne.jp,"fiME11?""un"
Alys,Dunkinson,398040,2659 Warrior Lane,adunkinsonb0,adunkinsonb0@adobe.com,taII29=_v`
Nikolai,Pierrepoint,9313718,97 Twin Pines Terrace,npierrepointb1,npierrepointb1@psu.edu,msKJ69/~ha
Wendy,Gronous,6266839,20672 Scoville Street,wgronousb2,wgronousb2@behance.net,kvGF77_?pl
Laryssa,Grzegorczyk,4019140,6 Chive Avenue,lgrzegorczykb3,lgrzegorczykb3@vistaprint.com,mwUR31<+WQ..v&lw
Warren,Nanninini,6723991,29518 Lindbergh Road,wnannininib4,wnannininib4@biglobe.ne.jp,fpFT64@~.OHF
Rafaello,Harnett,2741762,1737 Lyons Court,rharnettb5,rharnettb5@imgur.com,knTW72\{q?7_
Dominik,Nibley,4548418,897 Northland Lane,dnibleyb6,dnibleyb6@free.fr,exQH53#)d@>dLV
Malvin,Casolla,507628,63 Pearson Place,mcasollab7,mcasollab7@deliciousdays.com,xlKL39~(/>%{C\K{
Orella,Le feuvre,6929292,5 Helena Alley,olefeuvreb8,olefeuvreb8@amazonaws.com,"djNR22?}r,_DV2muERS"
Temple,Morant,5877300,99425 Anderson Parkway,tmorantb9,tmorantb9@printfriendly.com,qoVO36//KwQS6eTAW#3
Marrissa,Ffoulkes,6787474,86 Westport Trail,mffoulkesba,mffoulkesba@shutterfly.com,"fyMG91{*i""Z4!"
Dulsea,Ziemke,885588,91 Esker Avenue,dziemkebb,dziemkebb@slideshare.net,seSI50$.nD
Ameline,Mawford,5321239,43549 Cottonwood Lane,amawfordbc,amawfordbc@hibu.com,vfXP34(#D#$I?'=}>5}
Garrett,Kreber,1699500,378 Rieder Point,gkreberbd,gkreberbd@e-recht24.de,peMH27~+wM3%gE
Costa,Longshaw,3649940,7 Iowa Center,clongshawbe,clongshawbe@nature.com,ieNO20|/G{
Desmond,Witchell,9620396,25552 Steensland Lane,dwitchellbf,dwitchellbf@guardian.co.uk,"fkOL95>*>""c%3!"
Adolf,Jewes,3750838,00282 Eastwood Plaza,ajewesbg,ajewesbg@cyberchimps.com,anQR79\=PD
Glenn,Oswald,9278542,201 Grim Drive,goswaldbh,goswaldbh@moonfruit.com,iyGW99`.G/J82`V
Sena,Lambswood,675786,17345 Tomscot Parkway,slambswoodbi,slambswoodbi@hubpages.com,eqYJ23*%>$$P\Z.5A@
Byrle,Plinck,9293158,82282 Columbus Trail,bplinckbj,bplinckbj@phpbb.com,"ixYS53,%4E!@w9"
Dita,MacPake,5938329,61 Schlimgen Point,dmacpakebk,dmacpakebk@vistaprint.com,xtYP25=+GNG4w9
Jarred,Appleton,4940435,111 Rusk Point,jappletonbl,jappletonbl@deviantart.com,nnBI06`%wV3bNm+o4T
Thorndike,Fergusson,6072700,58274 Fallview Crossing,tfergussonbm,tfergussonbm@360.cn,xcLP06+~2vD+%AEA
Biddy,Tudhope,194477,2 Gale Way,btudhopebn,btudhopebn@house.gov,isWH17/\afx@
Aldon,Ping,7379269,2 Anniversary Trail,apingbo,apingbo@theatlantic.com,xjWQ20@$q|9VF9
Cort,Filippone,6262210,88117 Melby Circle,cfilipponebp,cfilipponebp@reverbnation.com,cpWM19=&9gqd4L
Fonzie,Pecha,3313734,2240 Eagan Junction,fpechabq,fpechabq@miibeian.gov.cn,buGS16@}cD{QPna~yR
Chancey,Itscovitz,2017538,685 La Follette Alley,citscovitzbr,citscovitzbr@msu.edu,"tzER30"",>U$Lv{R"
Nita,Navan,5901637,71077 Moose Parkway,nnavanbs,nnavanbs@typepad.com,"vnNZ20$""9Cg!k"
Pasquale,Merriott,6372575,0 Forest Court,pmerriottbt,pmerriottbt@state.tx.us,ocYK97'=yt2_awJoq
Melina,Castro,5123276,4898 Forest Dale Trail,mcastrobu,mcastrobu@opensource.org,ceCZ29`<7oqAhc
Larisa,Trathen,4190853,11195 Schmedeman Point,ltrathenbv,ltrathenbv@bandcamp.com,"gwXM16`,WiaVo"
Cassandre,Markson,3517655,6 Swallow Place,cmarksonbw,cmarksonbw@whitehouse.gov,eiAF04?!>.&
Melody,Rasor,4771396,80814 Fisk Pass,mrasorbx,mrasorbx@vistaprint.com,kqDQ02(<pTRO)n
Brenda,McKew,2718177,3 Westerfield Drive,bmckewby,bmckewby@bbb.org,arHB99_)#U
Carny,Lutzmann,3036546,9 Dawn Court,clutzmannbz,clutzmannbz@tripod.com,"yoFB12|,oJ/s8"
Dorothy,Millmoe,471282,27 Pawling Place,dmillmoec0,dmillmoec0@wikia.com,"rmCK62+}W/s""8HN'DP"
Helaina,Grishakin,6461229,5 Boyd Pass,hgrishakinc1,hgrishakinc1@artisteer.com,sxGZ67(@m>9_tK+s~
Alida,Stetlye,1948497,28 Banding Circle,astetlyec2,astetlyec2@wordpress.org,"bkKM77(*>,"
Erek,Hackett,2516590,98067 Dryden Road,ehackettc3,ehackettc3@ustream.tv,fyXF18+_Cl(%_0Y4JA
Terra,Buffy,8394278,43 Morrow Place,tbuffyc4,tbuffyc4@npr.org,jbQN83<?L6r
Matthiew,Sellens,1800835,1584 Ronald Regan Plaza,msellensc5,msellensc5@sun.com,zbXF67=)OKchH5Pb
Kaleena,Pyper,5927495,0 Shopko Point,kpyperc6,kpyperc6@altervista.org,pkFG64|+r!H!0FSb05
Nikoletta,Willford,3203719,0 Commercial Junction,nwillfordc7,nwillfordc7@sciencedaily.com,yjYE74'>PCo0gv`
Thatch,Caudrelier,6655946,835 Bluejay Crossing,tcaudrelierc8,tcaudrelierc8@mediafire.com,vfJA83$<.or{0mY7Y
Marilyn,Pancoast,9069071,9 Artisan Junction,mpancoastc9,mpancoastc9@cnet.com,drII80_`/orl3
Rosy,Bagwell,2458987,4052 Pankratz Pass,rbagwellca,rbagwellca@dagondesign.com,"leHJ72""{@U<|Ctaj>3"
Kerrin,Dennitts,9052236,117 School Avenue,kdennittscb,kdennittscb@mit.edu,cmAS21'+0HoGAenQ$
Moss,Arnatt,9346462,017 Garrison Hill,marnattcc,marnattcc@latimes.com,tlIO19?.B6p'ey_Zh
Skipper,Deam,1256583,86 Lindbergh Circle,sdeamcd,sdeamcd@google.com.br,"gfFB09,{cCW.T"
Savina,Dixson,6073375,8178 Dexter Junction,sdixsonce,sdixsonce@timesonline.co.uk,idKS53&#I+w>%u
Carney,Stannett,1037164,0 Starling Parkway,cstannettcf,cstannettcf@about.com,"shVP38>!IzsJ"""
Tove,Imason,3216698,58588 Florence Court,timasoncg,timasoncg@slashdot.org,ziAS31`)L{wWl
Cordelia,Pegden,6751494,51603 Jackson Pass,cpegdench,cpegdench@example.com,foYI19{/G/UfeQc'WZBl
Jilleen,Leys,8337741,16163 Merrick Plaza,jleysci,jleysci@cisco.com,tkBE61<_0Es?#G
Caralie,Birtles,9616034,0816 Sullivan Parkway,cbirtlescj,cbirtlescj@51.la,ffTL07@.SiKMi7c
Karylin,Oakhill,2545857,388 Kenwood Park,koakhillck,koakhillck@163.com,"diLZ68,.s!{"
Annecorinne,Lourenco,2096062,0 Grayhawk Park,alourencocl,alourencocl@newsvine.com,eeEZ46>@1J7G
Emilee,Formby,1890443,6136 Sloan Alley,eformbycm,eformbycm@mapy.cz,sbRK38?./`7N9V@
Thain,Cunney,6800541,106 Talmadge Drive,tcunneycn,tcunneycn@dot.gov,gzWA18<_?$?hu31fBq
Audra,Boskell,6770942,24498 Maple Wood Circle,aboskellco,aboskellco@webs.com,"xwFV10""$PBKB"
Sunny,Hovy,6481158,98129 Shopko Center,shovycp,shovycp@wikia.com,dmUI52/*.3*72
Raul,Carlsen,2039579,79620 Cambridge Way,rcarlsencq,rcarlsencq@delicious.com,spPY37<)xEjEBQC
Walther,Simcock,8865698,6 Butternut Pass,wsimcockcr,wsimcockcr@china.com.cn,puRR31''M7
Desmund,Dowthwaite,4386033,56 Towne Road,ddowthwaitecs,ddowthwaitecs@so-net.ne.jp,kvBW46*$QC
Antony,Sarginson,7389188,0 Goodland Crossing,asarginsonct,asarginsonct@behance.net,msFQ24$'8LGd
Roddy,Kleynermans,8005788,77 Cardinal Junction,rkleynermanscu,rkleynermanscu@cafepress.com,fnVI64>|Hl_yfEzfk
Alasteir,Moro,9256269,499 Forest Run Park,amorocv,amorocv@jiathis.com,wbVQ78%&AM4$C{
Raymund,Sutherington,8413890,20 Superior Hill,rsutheringtoncw,rsutheringtoncw@microsoft.com,mgLQ44+|<Zh`URstu{
Abigael,Brabham,862143,909 Kinsman Terrace,abrabhamcx,abrabhamcx@si.edu,soDC46<><*
Virgie,Scrivner,1577666,5 Oxford Court,vscrivnercy,vscrivnercy@shareasale.com,rsWA71.>'A~8w2u)
Timmie,Style,6733071,21 Starling Circle,tstylecz,tstylecz@clickbank.net,ppXI55$~bqHqTn%kFy
Kristyn,Sole,2422632,424 Waywood Way,ksoled0,ksoled0@vimeo.com,lfLL86}#&BncQ_
Taryn,Antram,9013251,0 Clove Terrace,tantramd1,tantramd1@pbs.org,zlMV46!*xN!U`0B5o
Pooh,Gready,8675848,33 Swallow Terrace,pgreadyd2,pgreadyd2@accuweather.com,"awHN06"")B@eqpC_9"""
Dorey,Gronaller,2342160,52 Jay Crossing,dgronallerd3,dgronallerd3@dyndns.org,gqNX38{@b@NCJ375
Agnese,Jeffrey,4458423,1 Oriole Road,ajeffreyd4,ajeffreyd4@people.com.cn,ewUI45+<eK`J6loW
Melania,Carlisle,3966395,20503 Nelson Parkway,mcarlisled5,mcarlisled5@google.co.uk,"klAQ15{)ICA&WNG@b""=F"
Karen,Dunckley,1796922,2 Colorado Center,kdunckleyd6,kdunckleyd6@stanford.edu,dqQK44}/uemkG(>N=?
Mab,Caramuscia,1716791,75763 Fremont Street,mcaramusciad7,mcaramusciad7@blogs.com,htUT26($pMd(UO<'sjg'
Kelvin,Spykins,6553077,4244 Crowley Junction,kspykinsd8,kspykinsd8@blogtalkradio.com,"wbQP66,$1Fv<BRs@jn"
Addy,Delamar,1136410,02 Carberry Avenue,adelamard9,adelamard9@bigcartel.com,lzRJ24!+td'FAI8TA)
Tobias,Bayless,2429501,1 Manley Trail,tbaylessda,tbaylessda@prnewswire.com,"drSY48<>{""2C2Bh"
Will,Aisman,226744,74498 Manley Crossing,waismandb,waismandb@dyndns.org,dbNZ88./iY`jdUctl
Ruggiero,Goulding,2944075,4375 Autumn Leaf Junction,rgouldingdc,rgouldingdc@github.io,ksWK79?!y.3q.+n>>
Miner,Wyant,4924148,5614 Rieder Terrace,mwyantdd,mwyantdd@goo.gl,"igFC86+""{14+B|HRy"
Silva,Sayton,1745069,870 Fordem Drive,ssaytonde,ssaytonde@imageshack.us,feRN93*=Mu
Talya,Vogelein,8960900,84492 Dryden Street,tvogeleindf,tvogeleindf@dailymotion.com,igFJ07\\TJhxYhW=9h
Sheelagh,Thurley,953717,7016 Oakridge Alley,sthurleydg,sthurleydg@aol.com,"jkOX26""@n@"
Vern,Negus,4826847,843 Paget Parkway,vnegusdh,vnegusdh@blog.com,"mbRF65@/o8%n$>,iLeZ"
Earl,Schelle,4826763,11 Luster Lane,eschelledi,eschelledi@yale.edu,"uxIG91_""Z{%5G+"
Ricard,Colegrove,3855495,938 Moose Parkway,rcolegrovedj,rcolegrovedj@histats.com,qqKM29}(k2
Melody,Fanshawe,3627610,756 John Wall Avenue,mfanshawedk,mfanshawedk@nba.com,"beLC91.{oieB5Ty_""@"
Selene,Reffe,5130436,781 Hooker Road,sreffedl,sreffedl@yellowpages.com,"reRS32||0fR'J%@T,"
Linoel,Dandison,4556934,2 Homewood Hill,ldandisondm,ldandisondm@issuu.com,ejJQ97_!zfav)t
Gilberta,Murley,8017623,8 Forest Road,gmurleydn,gmurleydn@twitpic.com,"gnOG94!,6dRNw""x"
Robby,Cutriss,4748283,60 Helena Place,rcutrissdo,rcutrissdo@hugedomains.com,hoQK32~(xP59c
Gaile,Mudd,6852999,10 Rowland Pass,gmudddp,gmudddp@discovery.com,"hrLI35|{%mu,%{"
Sibelle,Tollerfield,3954946,6 Bartillon Plaza,stollerfielddq,stollerfielddq@yahoo.com,usKR50=)~n?U
Melvin,Vizard,7458461,43 Jenifer Road,mvizarddr,mvizarddr@nbcnews.com,"toFQ83__tZCiH`v"""
Andrei,Orton,439666,52 Hanson Junction,aortonds,aortonds@vistaprint.com,ekPW88!#5p'?}.Th4UxD
Carce,McLellan,8095890,904 Mallard Hill,cmclellandt,cmclellandt@amazon.co.uk,ppHG08%/fyatqCCb
Ludwig,Shasnan,3505866,19559 Melvin Drive,lshasnandu,lshasnandu@bing.com,vwRR58({YHixTG
Holt,Newlands,175439,18 Holmberg Circle,hnewlandsdv,hnewlandsdv@tiny.cc,"kwTK25+)0,ce5I"
Sadie,Peery,9027260,9683 Mifflin Court,speerydw,speerydw@washington.edu,kjPO45&?D3et!Xw
Catha,Leming,1145961,25 Steensland Crossing,clemingdx,clemingdx@google.com,piPC17/~Y@
Max,Ezele,2431599,5 Raven Crossing,mezeledy,mezeledy@irs.gov,qbXN37<'E`
Annecorinne,Gateley,7135013,7 Pankratz Circle,agateleydz,agateleydz@geocities.jp,ygFT35?!A2*pC}FRzx#%
Nelson,Bondley,800896,8 Macpherson Hill,nbondleye0,nbondleye0@answers.com,"eaOY25""%iBfCPz4C+v"
Roxie,Muffett,478465,128 Ramsey Lane,rmuffette1,rmuffette1@prlog.org,"afPT85{$<ZzS<j""l.N"
Jacky,Himsworth,6163162,461 Graceland Road,jhimsworthe2,jhimsworthe2@theglobeandmail.com,"vbNQ16,+Hk."
Georgia,Back,6639209,5 Loeprich Hill,gbacke3,gbacke3@disqus.com,"cfHV31#""2l+{v$&N.pj"
Cristen,Vandrill,3914154,38145 Larry Alley,cvandrille4,cvandrille4@liveinternet.ru,"teCO69&<4e!~)(z,wl6z"
Taddeo,Dowers,9113902,19067 Cascade Avenue,tdowerse5,tdowerse5@vimeo.com,vxTI69/!RyH
Gan,Rosle,5642343,4483 Westport Parkway,groslee6,groslee6@myspace.com,"cbVL31),}Z"
Ned,Landrean,9215347,8 Monument Alley,nlandreane7,nlandreane7@archive.org,nwFY40_.Z%swDvMz
Bord,Shinton,9383405,75297 Beilfuss Hill,bshintone8,bshintone8@independent.co.uk,"ahUO02,'*X2IwI&Hp"
Hardy,Kunath,7995900,49825 Oriole Court,hkunathe9,hkunathe9@latimes.com,"xkAB55#&ZrAZL09""S"
Sue,Otson,5056423,58430 Evergreen Pass,sotsonea,sotsonea@ft.com,"krDR07,(h{~eL5W"
Konstantine,Bennetto,9602766,4 Merchant Court,kbennettoeb,kbennettoeb@indiatimes.com,ibCH70<*h<
Earlie,Camerello,2223035,857 8th Alley,ecamerelloec,ecamerelloec@forbes.com,ylKE76}\PI>Awi*QdK(
Weider,Figliovanni,4136956,1 Linden Park,wfigliovannied,wfigliovannied@prlog.org,iwRI45~.huG
Kayla,Bordes,6999016,121 Buell Pass,kbordesee,kbordesee@java.com,"qgKI97'{""z2svyYp!"
Andriette,Dracey,3821311,1274 Jana Circle,adraceyef,adraceyef@is.gd,hjFU52}(.~!D'|KDf4
Lula,Gaul,5298968,630 Susan Junction,lgauleg,lgauleg@blogger.com,nfKJ96`?xkkqyDEinb
Elbertine,Bulman,3346298,08 Schmedeman Road,ebulmaneh,ebulmaneh@jalbum.net,"ixQD77>+CYeKNS$(,/i\"
Floyd,Gorthy,2984042,95 La Follette Parkway,fgorthyei,fgorthyei@jugem.jp,"brSP29.\FrM5m""3fO,"
Gare,Guillain,1961189,0 Sherman Way,gguillainej,gguillainej@networkadvertising.org,nvYD82$@AD
Any,Corrin,5115383,24487 Cottonwood Center,acorrinek,acorrinek@house.gov,nxUD01+~I=GO!ni\
Franz,Barbara,198840,022 Anhalt Trail,fbarbarael,fbarbarael@omniture.com,"sbVJ93>('s!#*(V"""
Delila,Dryden,2678023,911 Chinook Point,ddrydenem,ddrydenem@tuttocitta.it,"nhUB47@,.(1.OyO"
Cori,Carlsen,8411419,991 Namekagon Way,ccarlsenen,ccarlsenen@scribd.com,znXG88#*l9~j
Poppy,Raden,2133794,60 Havey Crossing,pradeneo,pradeneo@google.cn,"pkSX05.{X,TcrFdH"
Roanne,Viner,5804119,9 Fairfield Lane,rvinerep,rvinerep@miibeian.gov.cn,fmEK10/{w+~L>JzwS6*
Alida,Pirazzi,350304,6 Jenifer Place,apirazzieq,apirazzieq@liveinternet.ru,igRU92&&Qz%xpx.Z(o
Zelig,Simioni,7882426,05 Blaine Terrace,zsimionier,zsimionier@wordpress.org,"jtAD69!=yp&p""%}7X80"
Wat,Seleway,2007908,686 Westend Circle,wselewayes,wselewayes@sourceforge.net,bxMT34~}D6N
Bondie,Sheerin,3986733,75 Harbort Junction,bsheerinet,bsheerinet@about.com,psRX43@%)eE
Cal,Boles,5936084,333 Westridge Court,cboleseu,cboleseu@wufoo.com,"cpRU14~""#@0UC|eF2"
Lemmy,Poller,6010187,11724 Talmadge Center,lpollerev,lpollerev@usda.gov,pfMB75\\lR*m35
Farrel,Harbert,6206556,1 Loeprich Alley,fharbertew,fharbertew@oakley.com,dyHW62*)>|!uyGg
Eudora,Westby,8502090,1556 Derek Parkway,ewestbyex,ewestbyex@huffingtonpost.com,jgSW38%}h#
Freddi,Blas,7415513,2 Tennyson Pass,fblasey,fblasey@godaddy.com,vwHZ71*)ew`1Q=oM
Marsh,Pavic,807505,3 6th Lane,mpavicez,mpavicez@icio.us,eqAH73~_f@0#VVqRgp
Bailey,Mattis,4965337,24 Corben Drive,bmattisf0,bmattisf0@epa.gov,"niWX12""_B&"
Joeann,Scartifield,5014609,583 Hazelcrest Park,jscartifieldf1,jscartifieldf1@jiathis.com,uyBJ38|!DLGQQ
Vivian,Baselio,9439135,0 Mifflin Point,vbaseliof2,vbaseliof2@google.ru,vnHQ72>_z1&akl
Christel,Yannoni,8620167,23 Independence Trail,cyannonif3,cyannonif3@ask.com,axEA26`+mB
Virgina,Braffington,778970,019 Northview Center,vbraffingtonf4,vbraffingtonf4@t-online.de,izFM43~#z<O.iY
Tansy,Ferrettino,4040853,923 Service Junction,tferrettinof5,tferrettinof5@bing.com,"jwBH11\""4iRJC"
Vicky,McGray,9526470,2157 Hovde Avenue,vmcgrayf6,vmcgrayf6@twitpic.com,maTW23&.oX~
Moreen,Sawer,4025623,36870 Boyd Alley,msawerf7,msawerf7@free.fr,mdFI02~>j$u6LXY6
Farlay,Watton,3699844,97 Ramsey Hill,fwattonf8,fwattonf8@amazon.co.jp,dmLN80*=qE
Nealy,Swindin,4112431,67 Utah Street,nswindinf9,nswindinf9@netscape.com,"cxSF01#""A<T2_=hsh"
Casie,Harral,880647,688 Bartelt Place,charralfa,charralfa@seattletimes.com,dzVT17$<Vu8=
Fabio,Fullman,6993363,906 Nevada Hill,ffullmanfb,ffullmanfb@artisteer.com,vvHY28+`tvFK\u>
Eveleen,Rosson,798237,9 Evergreen Circle,erossonfc,erossonfc@ustream.tv,avNH91!<*7SE+@b
Arabele,Hardistry,8782106,452 Mayfield Junction,ahardistryfd,ahardistryfd@google.es,xuLY86'%1JQU!U!b.
Ines,Dalby,9453062,867 Little Fleur Drive,idalbyfe,idalbyfe@gizmodo.com,akDE38\<}K({%Z>FI1
Jayne,Fontaine,9113980,45 Oriole Park,jfontaineff,jfontaineff@boston.com,"goAD78~(ea,5@Z2Z7A."
Shaine,Edlin,2391601,3705 Kennedy Parkway,sedlinfg,sedlinfg@imageshack.us,ozXE37#?&#VV8Xw''F00
Brandea,Bourcq,6781070,40 Manufacturers Way,bbourcqfh,bbourcqfh@netlog.com,ibEF38)>=Nv7@Ime='u
Carlyle,Itzhayek,292718,62 Debs Drive,citzhayekfi,citzhayekfi@un.org,"kbIO64%{*<""czX/"
Lilla,Caldecourt,9153610,912 Ridge Oak Crossing,lcaldecourtfj,lcaldecourtfj@usnews.com,"rlYL24""|e8""G"
Maggee,Jenken,9604545,7 Eastwood Circle,mjenkenfk,mjenkenfk@jiathis.com,uoNO61%*<+(_nq)
Enoch,Beckworth,1452144,6756 Derek Point,ebeckworthfl,ebeckworthfl@myspace.com,fzEH87=($0ZQ?
Gilbertine,Fairtlough,316300,91199 Raven Alley,gfairtloughfm,gfairtloughfm@dailymail.co.uk,cpIM01=+is4s
Harriett,Coudray,3453865,41090 Pleasure Park,hcoudrayfn,hcoudrayfn@fotki.com,aaUA08#|xbSrhR<%&Ql
Juliann,Cowell,5380796,34 Heath Hill,jcowellfo,jcowellfo@surveymonkey.com,lvUA11%$ft0'i1wB
Fields,Zecchii,5161812,48231 Amoth Plaza,fzecchiifp,fzecchiifp@opensource.org,kvTR63*.8L
Car,Trobridge,8417342,2 Walton Alley,ctrobridgefq,ctrobridgefq@csmonitor.com,"ouHK54,&$xWkG"
Harlan,Brabham,1450415,024 Clove Point,hbrabhamfr,hbrabhamfr@mayoclinic.com,"lyGF33<$gCh,)PIL"
Ambrosi,Menicomb,5735432,3 Morningstar Park,amenicombfs,amenicombfs@paginegialle.it,ejLH59|$U3eN42hKg\0
Annecorinne,Sharma,1390622,702 Lerdahl Street,asharmaft,asharmaft@tinyurl.com,jjCX41+~RRW%Uo
Vinny,Etherson,7315782,80967 Vermont Park,vethersonfu,vethersonfu@prlog.org,jxRJ36{#K}H{h1h$(8
Gregory,Dicken,6818398,63716 Ramsey Park,gdickenfv,gdickenfv@webnode.com,edCL42?/1Xdm1@
Gibbie,Bhar,7136359,63137 Nobel Circle,gbharfw,gbharfw@nbcnews.com,dcKS42?!vu/@WX=Dx
Man,Stode,1716136,5975 Derek Road,mstodefx,mstodefx@npr.org,mqHF39\&5+!j6
Pierce,Tebb,6775568,7419 Scott Park,ptebbfy,ptebbfy@latimes.com,njZK84~>fB'(RbRm
Lolly,Farnorth,8138764,680 Barby Court,lfarnorthfz,lfarnorthfz@reuters.com,zjLO69@#ZvijUWj
Kaja,Senner,322001,9 Anzinger Crossing,ksennerg0,ksennerg0@pinterest.com,euNY63<?m*
Klarrisa,O'Fogarty,8797173,43 Meadow Valley Alley,kofogartyg1,kofogartyg1@nifty.com,"ppWG48!!,gyAvg1"
Claudius,Hearle,5639232,3 Norway Maple Park,chearleg2,chearleg2@infoseek.co.jp,gkFM39?=\R@9jTNYQr
Walker,Nuzzetti,7880168,45370 Oxford Court,wnuzzettig3,wnuzzettig3@prnewswire.com,sfFP40_!t~8x~x#g
Marius,Morena,8907763,0323 Schmedeman Pass,mmorenag4,mmorenag4@fema.gov,kzBV25(<KK4&<
Junette,Skitral,6984752,6706 Duke Trail,jskitralg5,jskitralg5@shop-pro.jp,vfIV24_*z8wWW
Marje,Tomney,3477688,11955 Waywood Center,mtomneyg6,mtomneyg6@nsw.gov.au,gwYU57*}dxqoG\V1Bn2C
Patsy,Brinkler,3496730,6691 4th Park,pbrinklerg7,pbrinklerg7@mtv.com,"peCL27,""sY$Ww/`m"
Sheena,Le Pruvost,5646028,320 Bunting Lane,slepruvostg8,slepruvostg8@cocolog-nifty.com,pkWH46}'&lqGq9s(`o
Saunder,Packwood,4407980,34099 Northridge Way,spackwoodg9,spackwoodg9@ucsd.edu,"usRP67,,HSpplL%/Xp"
Fowler,Helleker,5918839,3085 Butterfield Alley,fhellekerga,fhellekerga@amazon.co.jp,"geZD77=,r56"
Mathian,Born,3726444,07891 Atwood Circle,mborngb,mborngb@google.co.uk,doEK45@#j/(%Hq2
Lorant,Nissle,8743355,86055 Bartelt Junction,lnisslegc,lnisslegc@nature.com,kyYG03/)?>K%iW?
Claresta,Hatfield,8187930,5 Butterfield Court,chatfieldgd,chatfieldgd@github.com,faTR91.}r3)+/
Lissie,Robarts,3022304,97433 Dapin Parkway,lrobartsge,lrobartsge@miitbeian.gov.cn,"qdJH98'\#(c(,m#P1Y<b"
Lionel,Gynne,1152782,90 Lakewood Place,lgynnegf,lgynnegf@intel.com,dbXG63%!xRM$CMV
Cybil,Newbegin,6249788,20 Rieder Hill,cnewbegingg,cnewbegingg@buzzfeed.com,"sjHJ85|}+""6l&"
Tamera,Bell,1198842,6365 Merchant Park,tbellgh,tbellgh@oakley.com,"kzSK75?,jy'F(MX"
Paquito,Timmons,9270476,034 Mitchell Pass,ptimmonsgi,ptimmonsgi@intel.com,ljXV45<=OxM%Pu&x4a
Mayor,Pennock,902617,766 Stephen Place,mpennockgj,mpennockgj@phpbb.com,elWR01<&LnOV/YEJ
Francesca,Richardon,9193512,11934 Sundown Alley,frichardongk,frichardongk@furl.net,"qiES45*.9""UzZhaki"
Leigh,Sutcliffe,1506007,019 Autumn Leaf Road,lsutcliffegl,lsutcliffegl@webmd.com,"moLR69""}5X)dRB#cxQM"
Mabelle,Cream,175531,21840 Swallow Street,mcreamgm,mcreamgm@yahoo.com,vqEV50*'B7xkb
Price,Hollow,1727021,433 Arkansas Court,phollowgn,phollowgn@lycos.com,ziGN22@_.vIQ(tRpX
Wandie,Comins,4697261,4011 Waxwing Point,wcominsgo,wcominsgo@xrea.com,giLQ52$#TfWUS5>bs!i
Sherry,Rubbert,1652081,8781 Mandrake Pass,srubbertgp,srubbertgp@bloglovin.com,fvEV53`\|V
Monique,Saye,3390187,848 Loeprich Lane,msayegq,msayegq@ihg.com,ubNT11'_rH*(aXW
Erina,Pappi,815537,61000 Northview Trail,epappigr,epappigr@nhs.uk,qyMK74|?FtOD}P<'Qm_y
Theresina,Geffcock,4141941,04 Vernon Parkway,tgeffcockgs,tgeffcockgs@sciencedirect.com,zrIX66|}2=t|
Rosamond,Kimpton,3433592,44 Main Lane,rkimptongt,rkimptongt@creativecommons.org,"vaXJ15_*V%6""f.%l"
Belva,Mushrow,9569605,98421 Fuller Plaza,bmushrowgu,bmushrowgu@ucsd.edu,qzWH47}@dt6XwWDCU=nd
Bron,Lief,9565397,59512 Fuller Way,bliefgv,bliefgv@seesaa.net,"jeIW83>""ss@@6'v!.m"
Findlay,Deavin,7263910,812 Shelley Lane,fdeavingw,fdeavingw@mozilla.com,wbIC99.(ZmNOZ}9'7
Britt,Pyrton,4013383,701 Prentice Drive,bpyrtongx,bpyrtongx@techcrunch.com,haWA42{<5?oyO$@mwk
Oliy,Thexton,202657,0167 Shopko Street,othextongy,othextongy@scribd.com,ijBJ65{|A<7
Jessalin,Dyka,8710563,04 Monument Place,jdykagz,jdykagz@nsw.gov.au,ylPG34~%al
Tibold,Penkethman,6517876,33871 Parkside Hill,tpenkethmanh0,tpenkethmanh0@mapquest.com,jxIV08>@oCu
Findley,Towell,1471938,4992 Corben Pass,ftowellh1,ftowellh1@answers.com,ujAI26$~bS
Prudi,Cardenosa,3542553,2599 Schlimgen Place,pcardenosah2,pcardenosah2@berkeley.edu,"woAL08+*)E!,+n0}W"
Ximenez,Ambrogiotti,4990642,8901 Straubel Road,xambrogiottih3,xambrogiottih3@netvibes.com,bjUG67.&s$JQ7v!
Izaak,Carmody,2246003,9482 David Junction,icarmodyh4,icarmodyh4@plala.or.jp,"ziXU41,/QMw""u#>j,k7"
Jaclyn,Allan,5975284,428 Bowman Trail,jallanh5,jallanh5@huffingtonpost.com,"hgUS84,_obP"
Othilia,Tockell,7250725,1 Pennsylvania Junction,otockellh6,otockellh6@typepad.com,eiYS90|@qIP7~'EXj+
Jinny,Nusche,503026,2 Amoth Hill,jnuscheh7,jnuscheh7@spotify.com,"zkSZ03_(Xv$)s,T6"
Jamill,Pollastrino,7921842,230 Golf Road,jpollastrinoh8,jpollastrinoh8@sfgate.com,"imBS98?$snj9ymIFh2""R"
Jessey,Kanwell,6485145,1 Hoard Street,jkanwellh9,jkanwellh9@imageshack.us,hgDJ51=@$OkYhi)%I
Archy,Durram,8580491,131 Donald Place,adurramha,adurramha@naver.com,"yeMV87+(,@Q.i?}eW9%$"
Justina,Nudde,3189210,92414 Carey Place,jnuddehb,jnuddehb@networkadvertising.org,yuQU65#(4a115gZ03
Brnaba,Kasman,3457175,7429 Cody Circle,bkasmanhc,bkasmanhc@oracle.com,vfYN59@~mUj{S\=gcc
Susan,Sansbury,9037402,6979 Del Sol Junction,ssansburyhd,ssansburyhd@odnoklassniki.ru,"swVA54!(v_AU+}RQsN,R"
Clotilda,Lidgett,8507808,271 Anhalt Court,clidgetthe,clidgetthe@indiatimes.com,gcBY35<$0Q?V
Rozele,Sandyford,6648619,80466 Petterle Circle,rsandyfordhf,rsandyfordhf@yandex.ru,"tyBC97\,W00C"
Trenton,Brende,7292241,5 Basil Center,tbrendehg,tbrendehg@alexa.com,"tyNC69,~mN"
Teressa,Brozek,1786370,3600 Clove Plaza,tbrozekhh,tbrozekhh@nydailynews.com,ygTL78&`dX?8zAQ'
Kendra,Milstead,433276,941 Old Shore Street,kmilsteadhi,kmilsteadhi@mapy.cz,"ulFT72',P9iUQ&"
Janaye,Spelling,2969665,8640 Almo Lane,jspellinghj,jspellinghj@jiathis.com,"hwVD34""=pQ5o4UuH`"
Garrick,Gilpin,7163058,02 Farragut Drive,ggilpinhk,ggilpinhk@nature.com,"kkSV04""'@b"
Anthea,Gobell,5541109,7 Crescent Oaks Parkway,agobellhl,agobellhl@t.co,"raLV90?#\2vyI""|q3~"
Jennee,Rothera,7886565,9071 Melvin Trail,jrotherahm,jrotherahm@boston.com,fsRG51<%HFQ>k9/\_
Joletta,Quittonden,3538116,8 Alpine Park,jquittondenhn,jquittondenhn@prlog.org,"syWP91>""WL?zWY"
Gerick,Cromett,7502129,2 Hayes Center,gcromettho,gcromettho@sina.com.cn,owJM83}=P7Myj%+trZi*
Zorana,Hindrick,8165084,65457 Prentice Alley,zhindrickhp,zhindrickhp@go.com,xsQC97`*EZRk8<F
Boycie,Ruecastle,409764,04017 Truax Point,bruecastlehq,bruecastlehq@jalbum.net,"yyXY84|+nB~""A"
Nanice,Delepine,5872510,58407 Granby Hill,ndelepinehr,ndelepinehr@senate.gov,ycZG25+%ja\
Hyacinth,Crownshaw,4546293,40 Trailsway Lane,hcrownshawhs,hcrownshawhs@un.org,taEH89''?vL)R|
Jannel,Kits,8117376,929 Luster Way,jkitsht,jkitsht@deliciousdays.com,"ziDR16""|g#!(QkZQlUTI"
Baily,Martensen,2878832,92174 Sommers Pass,bmartensenhu,bmartensenhu@chron.com,ugRZ99*$g!JoK\J
Gabriel,Wales,3371808,2364 Anderson Drive,gwaleshv,gwaleshv@upenn.edu,bcCK51<'(|DBJdG(`<
Gusti,Ivakhno,3076133,2 Grayhawk Place,givakhnohw,givakhnohw@ehow.com,"cdGH18~|}#YqjI,<"
Constancia,Denk,4692786,613 Raven Terrace,cdenkhx,cdenkhx@vinaora.com,ofYM50=$b'5
Koressa,Jouanet,2153566,1967 Portage Pass,kjouanethy,kjouanethy@ibm.com,"bgYQ18,)>2@M&JFaur"
Noble,McDonald,3229522,0 Brickson Park Hill,nmcdonaldhz,nmcdonaldhz@livejournal.com,"naQN97{""*XcS(l1Mx0\"
Renaldo,Cake,8469905,7815 Moose Alley,rcakei0,rcakei0@nationalgeographic.com,ohLT67\}k7D>
Angelo,Heild,463688,26 Bowman Drive,aheildi1,aheildi1@walmart.com,zkGV66{_`8
Warner,Kilshall,9775899,76983 Farmco Place,wkilshalli2,wkilshalli2@mapquest.com,cdMX57?}2x
Jerrilee,Watford,220148,728 Manufacturers Lane,jwatfordi3,jwatfordi3@google.cn,ggIS74()UQ#~2h+4&pCZ
Feliks,Grimmolby,1855754,16 Washington Terrace,fgrimmolbyi4,fgrimmolbyi4@amazonaws.com,yoXT35>%.B'f)RR
Donaugh,Leades,4391295,94 Service Plaza,dleadesi5,dleadesi5@earthlink.net,fiMS31.`x/
Victoir,Vitall,9056807,283 Delladonna Center,vvitalli6,vvitalli6@webmd.com,"uvXM69`,|F"
Wain,Dewar,114437,886 Sloan Point,wdewari7,wdewari7@marriott.com,ijIG99{$fsUbeUo
Carmelina,Matityahu,782754,13956 Bowman Place,cmatityahui8,cmatityahui8@ftc.gov,rzMQ85.?DAgx
Gherardo,Bleddon,9810121,754 Londonderry Park,gbleddoni9,gbleddoni9@nasa.gov,ilFR50~%O#C%q)
Natividad,Lyptrit,1393294,721 Eggendart Center,nlyptritia,nlyptritia@diigo.com,ifAD32+~GTVvqT<@
Aurore,Hatley,1375158,602 Cascade Parkway,ahatleyib,ahatleyib@ed.gov,woMQ15'`S4@eDz
Ker,Conman,4805186,45 6th Trail,kconmanic,kconmanic@shop-pro.jp,"jtJT46""'G6&P"
Derrick,Shepley,3354112,9651 Vidon Circle,dshepleyid,dshepleyid@zdnet.com,"mgBS95/=F@Mf,"
Rhodie,McAviy,7733479,24298 Delaware Trail,rmcaviyie,rmcaviyie@marketwatch.com,plUN43*$gbRBf
Kirsti,Bourner,9411079,412 Rieder Avenue,kbournerif,kbournerif@infoseek.co.jp,ffCS60>#`?
Arthur,Killcross,153240,7 Parkside Plaza,akillcrossig,akillcrossig@amazonaws.com,vdRR58~}oc
Peria,Korda,6122462,0249 Del Mar Point,pkordaih,pkordaih@discuz.net,abNT38=+\eP
Belle,Louth,8596019,8807 Express Road,blouthii,blouthii@wired.com,orSF79'@Wt0M4(u\
Valma,Sheasby,9342812,74458 Caliangt Terrace,vsheasbyij,vsheasbyij@epa.gov,dyPH36($JyKyj_0L
Meta,Murfett,2050059,5 Golden Leaf Terrace,mmurfettik,mmurfettik@hp.com,ydGW68@.l_cJNDk
Ursuline,Tupling,1110242,81 Grasskamp Alley,utuplingil,utuplingil@ehow.com,jbKF03))BNd/Dr
Rozella,Swansborough,6275424,1 Village Green Plaza,rswansboroughim,rswansboroughim@tiny.cc,ctXG19_%TS
Anselm,McAmish,8177242,9 Fulton Alley,amcamishin,amcamishin@webs.com,"egKV83}(>S,N'*"
Malissa,Innocenti,6530276,9 Moose Pass,minnocentiio,minnocentiio@symantec.com,"gtIF85#',YH2&A2"
Casey,Wharf,3334503,645 Utah Way,cwharfip,cwharfip@miitbeian.gov.cn,njEZ54&'uu(x~jY
Berny,Bugbird,4794030,5505 Warrior Drive,bbugbirdiq,bbugbirdiq@uol.com.br,"osTU19""#e!#h?i3'M)i"
Jeffy,Cattroll,9395922,34 Hanson Crossing,jcattrollir,jcattrollir@narod.ru,vrXD60(&cAKC1\!
Sidoney,Lethley,7879916,52 Warrior Trail,slethleyis,slethleyis@nih.gov,gqKF01@=KQ+JV1Dif
Mandy,Forlonge,7788889,8825 Derek Junction,mforlongeit,mforlongeit@bluehost.com,"bhDP42""\EUgunTI"
Rosalinde,Tabord,2549369,9013 Buena Vista Hill,rtabordiu,rtabordiu@yolasite.com,euZI76#?fjOnm
Marin,Benninck,1545057,99383 Grim Park,mbenninckiv,mbenninckiv@nyu.edu,"udBN04&/oYs~lr/2""0,Z"
Terrill,Reddington,5112201,63 Hagan Circle,treddingtoniw,treddingtoniw@mysql.com,lzTA17(~U37/~moT
Earlie,Ritmeyer,915491,67 Longview Road,eritmeyerix,eritmeyerix@answers.com,paDN32>~8gN
Othello,Kruse,1861631,98345 Ruskin Plaza,okruseiy,okruseiy@wsj.com,ouGL58.*kA._EtzE)
Glenna,Heffernon,4223298,5 Dawn Drive,gheffernoniz,gheffernoniz@army.mil,anZT70`<r+NfUS
Kingsley,Fulstow,341670,8081 Rigney Road,kfulstowj0,kfulstowj0@aol.com,"emBK45@\6B\'?V""x<r"
Moria,Manicomb,3823700,0 Forest Dale Drive,mmanicombj1,mmanicombj1@wordpress.com,dfCV87**z=S
Sterling,Twohig,1571231,2922 Dayton Hill,stwohigj2,stwohigj2@photobucket.com,oaST48&{gs#
Denys,Thouless,305266,89 East Hill,dthoulessj3,dthoulessj3@typepad.com,fkCB57$|`@S+
Babbie,Tadman,6972432,43018 Hoepker Lane,btadmanj4,btadmanj4@hubpages.com,cuAW53>@wul9V
Gladys,Oty,3363312,25563 Walton Street,gotyj5,gotyj5@economist.com,suXD78&*5n_i651
Maurise,Gravenell,3703897,68 Annamark Park,mgravenellj6,mgravenellj6@istockphoto.com,mgYQ31<(bom{
Broddy,Malyan,1969782,43764 Ronald Regan Plaza,bmalyanj7,bmalyanj7@oaic.gov.au,sqNT43`|F362C|0
Lemuel,Belsey,3371706,58183 Valley Edge Way,lbelseyj8,lbelseyj8@istockphoto.com,xmVN53|?\Ku
Ingaborg,Henrion,4209012,4074 Pine View Trail,ihenrionj9,ihenrionj9@instagram.com,hiEV56!)/V|YB{f'H`
Kirby,Tuison,1150809,424 Magdeline Way,ktuisonja,ktuisonja@oaic.gov.au,"otAZ09_""|J*7aMG"
Tull,Baumber,2198347,5865 Mcbride Junction,tbaumberjb,tbaumberjb@delicious.com,"gjFU72?""TXlI("
Donal,Le Fevre,7575652,38310 Oak Crossing,dlefevrejc,dlefevrejc@fda.gov,rcCQ98/)ND'a
Abagael,Littledyke,5264649,7 Esker Circle,alittledykejd,alittledykejd@pen.io,oaAH09+$Je
Agnola,Aguirrezabala,3347701,0146 Kipling Court,aaguirrezabalaje,aaguirrezabalaje@cdc.gov,"tdIF17""+(x/J"
Gaylor,Horley,932067,50 Rusk Park,ghorleyjf,ghorleyjf@shinystat.com,uuMA05)%LTk3d8bl~rr
Adelaida,Molan,7633461,6437 Fremont Avenue,amolanjg,amolanjg@sciencedirect.com,"boLR24@<v>@>FX8""ocL4"
Bronny,Woller,5847019,03 Stephen Court,bwollerjh,bwollerjh@washingtonpost.com,atZW49.'EN0!M$37i
Aleece,Christaeas,4630886,779 Del Mar Circle,achristaeasji,achristaeasji@hhs.gov,ihZB56*||P9
Chilton,Reynard,8106913,1 Clemons Park,creynardjj,creynardjj@infoseek.co.jp,ieES34'/EQMz
Rockey,Curnock,2499432,4828 Charing Cross Parkway,rcurnockjk,rcurnockjk@com.com,eaHG86+%zb.)T_'J
Terencio,Tie,5128312,4 Moose Park,ttiejl,ttiejl@usnews.com,ncRR72#`$?_Zc3
Debbie,Laweles,3202024,9000 Hovde Lane,dlawelesjm,dlawelesjm@nbcnews.com,cvKJ86>*YG
Ashly,Hunton,9830571,400 2nd Terrace,ahuntonjn,ahuntonjn@cbslocal.com,fqHE84%_D=g
Jeannine,Yosifov,5957216,9 Dorton Alley,jyosifovjo,jyosifovjo@thetimes.co.uk,ivZC06%+KTw7HN/U
Carolina,Antonias,6624851,48 Briar Crest Park,cantoniasjp,cantoniasjp@telegraph.co.uk,"vlLQ10)%j~P,s."""
Claudio,Killingsworth,4365708,0 Jenna Point,ckillingsworthjq,ckillingsworthjq@deliciousdays.com,orOY65>*3g9*$R8
Rhody,Gulleford,7416851,0978 Elmside Hill,rgullefordjr,rgullefordjr@rediff.com,"ddPN11~""hXZGskG+6C"
Ruthy,Whightman,1270640,9 Graedel Junction,rwhightmanjs,rwhightmanjs@dailymotion.com,jgMC74'/qi3
Sydelle,Hiscocks,7754428,9 Nobel Junction,shiscocksjt,shiscocksjt@theglobeandmail.com,xyQD59}$s}|<4
Dorian,Tremeer,4237204,5267 Truax Point,dtremeerju,dtremeerju@home.pl,"kxHC88""_RqIf)vY!fnd!"
Jeniffer,Krebs,1225695,36 Tennyson Street,jkrebsjv,jkrebsjv@cdbaby.com,"kmYN28?,SC15e"
Esther,Easterfield,5395114,079 Harbort Terrace,eeasterfieldjw,eeasterfieldjw@hibu.com,isYU67=*})`lYoP5
Bernardina,Juett,2588929,28 Schurz Terrace,bjuettjx,bjuettjx@aboutads.info,veAY66'@=ypJW#Qt|5<
Theodosia,Goldwater,2921036,655 Hanson Junction,tgoldwaterjy,tgoldwaterjy@goo.ne.jp,xyNA24&>Aqx!Kk
Debee,Warre,4782162,68 Eastwood Place,dwarrejz,dwarrejz@blogspot.com,unJW12'/Sp
Hanni,Calliss,1517310,504 Sommers Hill,hcallissk0,hcallissk0@nps.gov,"xtRW26}=(ge%""jZB"
Hedvig,Deeman,6993162,6 Loftsgordon Point,hdeemank1,hdeemank1@dion.ne.jp,arQJ95@/.wO}yyeW
Celestyn,Tuckwell,4545221,0 Gerald Plaza,ctuckwellk2,ctuckwellk2@freewebs.com,mmEY82(/D%
Jessie,Lamberteschi,7899433,35 Garrison Parkway,jlamberteschik3,jlamberteschik3@digg.com,djAN25_}5AZg`Us}i
Genovera,Clemmitt,241400,5 Coleman Place,gclemmittk4,gclemmittk4@google.cn,bcWT71({Pq.
Marion,Gilding,5762614,24 5th Park,mgildingk5,mgildingk5@adobe.com,brGC80$?1avPVP\eU'
Wileen,Stych,3119334,93 Delladonna Lane,wstychk6,wstychk6@bloglines.com,uhUM34)'WieT$oE{HE
Viviene,Issitt,4864663,7209 Hansons Point,vissittk7,vissittk7@hexun.com,qqMQ47&{D$9\
Jarret,Hardisty,2871423,98 Nova Terrace,jhardistyk8,jhardistyk8@t-online.de,dkRT04(}Jv$Q
Andriette,Phillcox,1631473,6236 Saint Paul Crossing,aphillcoxk9,aphillcoxk9@constantcontact.com,zoBN72/+|iXb.D`H
Wendie,Lain,6471441,7 Trailsway Parkway,wlainka,wlainka@live.com,lyUY00!{q<K
Rory,Leadley,7923321,41 Spenser Park,rleadleykb,rleadleykb@trellian.com,saPB21\~`LrhN./NMd
Genny,Bolzen,4219102,570 Wayridge Point,gbolzenkc,gbolzenkc@psu.edu,taCE58<~ns3HV4\st
Camellia,Bellows,366565,84 Buhler Way,cbellowskd,cbellowskd@marriott.com,clRF64%#I9v
Eveline,Scemp,1023840,937 Vidon Court,escempke,escempke@kickstarter.com,huWL19/~jmP
Dagmar,Bulbeck,1522329,65 Homewood Plaza,dbulbeckkf,dbulbeckkf@google.co.jp,"neKL06~""JQ@Rnxq2G+C"
Emelia,Lundbech,9999986,42 Manley Park,elundbechkg,elundbechkg@domainmarket.com,hyGJ19`(OFogZOF9&
Jania,Cristoforetti,3345098,51400 Novick Circle,jcristoforettikh,jcristoforettikh@imgur.com,ggXW16*)aa9U~mNx>Z{
Agustin,Pillinger,5748822,92050 Schmedeman Plaza,apillingerki,apillingerki@creativecommons.org,ciGS36|\T>w`
Avrom,Naismith,2820747,66379 Starling Park,anaismithkj,anaismithkj@army.mil,ppPS35}!MOX`i{>eSfoV
Giraud,Ortsmann,2719195,3826 Corry Road,gortsmannkk,gortsmannkk@ftc.gov,ymFW06\(|+
Wheeler,Motion,2214574,92036 Northridge Crossing,wmotionkl,wmotionkl@xinhuanet.com,eaIS87`.fK`7_Zh<|
Morgen,Trounce,7933498,517 Oak Valley Hill,mtrouncekm,mtrouncekm@mozilla.org,"koIQ07{,!Ww"
Ernst,Dinzey,4945530,32339 Crownhardt Way,edinzeykn,edinzeykn@slashdot.org,"opYZ10""*E)KZblT"
Paulette,Gress,1471530,696 Roxbury Drive,pgressko,pgressko@google.nl,jwWV63=/ujmr
Kiri,Manton,3277455,62571 Lerdahl Parkway,kmantonkp,kmantonkp@blogtalkradio.com,wvRX93(%6{OCwWs
Binky,Ricson,9974357,91470 Manitowish Street,bricsonkq,bricsonkq@umich.edu,qgMK47/)H&n?UP')m@!N
Jolyn,Olivello,7274071,3 Talisman Circle,jolivellokr,jolivellokr@simplemachines.org,xjBW21%'}2XaS@W>@Z
Stephi,Smallpiece,906827,77 Macpherson Junction,ssmallpieceks,ssmallpieceks@reverbnation.com,zhGX83**xO}s\\A|ps
Levey,Staves,3165163,38 Lien Avenue,lstaveskt,lstaveskt@sciencedirect.com,rsOJ17`}VL6gVd
Ches,Keuneke,5621335,4 Weeping Birch Circle,ckeunekeku,ckeunekeku@macromedia.com,vcME82`}%w`ipC7AeL
Eilis,Corhard,4762699,7 Golf Center,ecorhardkv,ecorhardkv@google.it,coVW29).$IV@<Qq/h_
Josee,Linklater,9459362,74964 Oriole Plaza,jlinklaterkw,jlinklaterkw@mashable.com,bdWB97+'0@sB
Helli,Issacov,2443437,5 Fuller Junction,hissacovkx,hissacovkx@desdev.cn,dcIC58_}&+zYY8
Padriac,Churchley,4586235,814 Scofield Drive,pchurchleyky,pchurchleyky@ihg.com,"gbDS86(#m,|@c@CV"
Evie,Cadany,1196496,345 Swallow Crossing,ecadanykz,ecadanykz@vistaprint.com,"vxVQ44#+>cBwi1I,&&nQ"
Celestine,Wessing,9947101,1982 4th Street,cwessingl0,cwessingl0@tmall.com,cmVP15==Ece2r|A
Sandy,Gomme,3521713,7 Roxbury Plaza,sgommel1,sgommel1@jimdo.com,"ktRD03""+3zuy<i(UB"
Joannes,Coon,7066160,2 Crownhardt Road,jcoonl2,jcoonl2@t-online.de,liAW08=!OTJ
Lian,Aylwin,4189378,9732 Burrows Street,laylwinl3,laylwinl3@simplemachines.org,"gpRI80,{b%)Z_&Yc2"
Beverlie,Bascombe,7733331,0142 Roxbury Parkway,bbascombel4,bbascombel4@mediafire.com,pqQM19{+i6FCDfj`s
Tan,MacGlory,5556775,953 Village Green Park,tmacgloryl5,tmacgloryl5@google.co.uk,ezSM92%\DhnZ
Even,La Grange,1107197,34 Clyde Gallagher Plaza,elagrangel6,elagrangel6@sakura.ne.jp,"qhSP44)%S$,i\<q="
Rubina,Helversen,3915368,2306 Rockefeller Lane,rhelversenl7,rhelversenl7@telegraph.co.uk,ciWH30_'V&31kh
Bridget,Sevier,4278392,9234 Dwight Road,bsevierl8,bsevierl8@redcross.org,bnFL03{}R(
Carmina,Middle,9421166,37433 Lakewood Court,cmiddlel9,cmiddlel9@geocities.jp,"zkBH58$|Y,z{U)E#|#*"
Penelope,McArte,1598278,256 Mayfield Park,pmcartela,pmcartela@gov.uk,ypVI15\~qvr#y
Tori,Gavey,868753,51946 Transport Crossing,tgaveylb,tgaveylb@tmall.com,ihFT43?>Sx?m>lCutBeT
Batsheva,Wehden,242451,5933 Melody Lane,bwehdenlc,bwehdenlc@w3.org,qhGN50&(5c3AO
Livy,Rief,3474189,44 Prentice Trail,lriefld,lriefld@sourceforge.net,"snRC33$""K8cZP9Ll}fg"
Michele,Kennet,8512722,18 Grover Road,mkennetle,mkennetle@paginegialle.it,"ufZJ23""/Z.4ttCHdUU"
Dennet,Willshee,5825719,8015 Moulton Court,dwillsheelf,dwillsheelf@meetup.com,gcLG42<_nN
Marinna,Adran,7706307,323 School Avenue,madranlg,madranlg@ucsd.edu,zyAA31%#tqTFr@}_r
Pepillo,Eyes,5072865,607 Moland Road,peyeslh,peyeslh@cnet.com,uhRL01|*v))Q2(+
Jard,Millott,445661,75 Bay Road,jmillottli,jmillottli@japanpost.jp,"qhTJ53,)wK4MvKZ""f"
Ky,Toulson,7822144,264 Gale Street,ktoulsonlj,ktoulsonlj@fastcompany.com,jsAQ26*?$6+beg6{E)
Theresina,Acton,5876241,113 Summit Terrace,tactonlk,tactonlk@ftc.gov,nvVO71..jh
Alanson,Bugge,5125680,86 Blue Bill Park Pass,abuggell,abuggell@patch.com,"egFU49,<hY9,}"
Melony,Broomhall,3648258,725 Gale Way,mbroomhalllm,mbroomhalllm@europa.eu,"huHS74""$(PgLjSjWCJ"
Jennee,Winslett,3109229,4 Lawn Lane,jwinslettln,jwinslettln@studiopress.com,fhPZ66\>MQ!JQAHS*
Lesly,Elkington,3328309,0 Rieder Avenue,lelkingtonlo,lelkingtonlo@4shared.com,eyXD06~?786VES|f
Candra,Dinwoodie,3680716,5 Union Crossing,cdinwoodielp,cdinwoodielp@oracle.com,xeLT01.?|Q)!NZEnlUT7
Griswold,Frith,9500235,52187 Longview Court,gfrithlq,gfrithlq@blogspot.com,"gcBH84}""D=h`"
Gare,Weekes,3619885,21707 Gina Avenue,gweekeslr,gweekeslr@si.edu,weVD22>>LeYGDdh(
Zacharias,Bartleman,9336328,0822 Corben Circle,zbartlemanls,zbartlemanls@cnbc.com,"xaWQ04,)Q7<)kKm==U"
Benedicta,Frary,3730100,11 Tennyson Trail,bfrarylt,bfrarylt@posterous.com,"veAE83=,iMp""E.U+T{V\"
Bill,Owers,9067419,5402 Heath Street,bowerslu,bowerslu@earthlink.net,uoWD81?`*O3<O(18}p
Quinn,McGow,6138542,0443 Lyons Terrace,qmcgowlv,qmcgowlv@google.com.hk,ywDH69&<B83
Imogene,Lambie,5308465,48 Columbus Crossing,ilambielw,ilambielw@imgur.com,jhVV88'%P!$
Ingram,Wickliffe,7982612,40 Lotheville Terrace,iwickliffelx,iwickliffelx@europa.eu,gcPT99?#GMRL8zwNay
Giraud,Bartolacci,2536145,4120 Oak Way,gbartolaccily,gbartolaccily@go.com,ufGE81{)A9=*VC@Jjv%
Dani,Stevani,8449189,02045 Graceland Pass,dstevanilz,dstevanilz@xing.com,leJU94{%3)
Ezri,Malser,984673,45051 Rigney Pass,emalserm0,emalserm0@home.pl,ypJD48)?!M>%|A
Nickie,Schoenleiter,8630090,57819 Fisk Lane,nschoenleiterm1,nschoenleiterm1@bizjournals.com,ftNZ96+*0s~
Natka,Dungey,5443530,203 Service Plaza,ndungeym2,ndungeym2@oakley.com,fhEM18#?r!+B!FrHqr
Tremayne,Foreman,2583806,2655 Michigan Drive,tforemanm3,tforemanm3@squidoo.com,zpWG76#?a8D#CQw
Sebastien,Byrcher,5589315,6577 Lawn Center,sbyrcherm4,sbyrcherm4@smugmug.com,etKI08#$oi'Es{Ey
Nichol,Levi,3719470,50250 Debra Hill,nlevim5,nlevim5@army.mil,izDP81\@7b
Hannie,Mingus,9119393,314 Doe Crossing Crossing,hmingusm6,hmingusm6@discovery.com,jgDS96<@0Q6TAU%+hCM
Emiline,Sisse,2496247,38 Nova Lane,esissem7,esissem7@guardian.co.uk,"zaPK61>/A+.$X*i,"
Mireielle,Fassmann,5605164,28362 Barnett Crossing,mfassmannm8,mfassmannm8@imgur.com,xxTX88><mn!gB
Libbie,Goldstone,1306203,38 Troy Crossing,lgoldstonem9,lgoldstonem9@whitehouse.gov,zrUF46~=Y>N*TSbg8u`j
Chickie,Bellringer,1239314,5999 Toban Road,cbellringerma,cbellringerma@ebay.com,ccTB45&{t(S_
Idette,Lebang,1990924,58 Mccormick Street,ilebangmb,ilebangmb@aboutads.info,xvAL39{{$GzM\kb
Laughton,Harkes,1052953,32 Meadow Ridge Drive,lharkesmc,lharkesmc@vinaora.com,"egFX37+>""V?HepOoBi"
Hal,Digges,6067993,210 Clarendon Park,hdiggesmd,hdiggesmd@redcross.org,"hnCN94&,v{l?hDyBF"
Agnola,Inott,1631709,37600 Old Shore Center,ainottme,ainottme@zdnet.com,ksAR38?#3s)<sno2.>)*
Gayel,Bottell,4692981,484 Northfield Plaza,gbottellmf,gbottellmf@yahoo.co.jp,glCN24*+ykr._t
Roxane,Di Giorgio,9303416,98 Kipling Circle,rdigiorgiomg,rdigiorgiomg@github.io,awDT97#%5ET
Sonny,Castelin,8541330,944 Raven Park,scastelinmh,scastelinmh@bravesites.com,jbOF24/\i_vk
Melantha,Blazejewski,5685282,906 4th Crossing,mblazejewskimi,mblazejewskimi@privacy.gov.au,pxWB72@'}WD
Lannie,Ren,6018772,78 Granby Hill,lrenmj,lrenmj@addtoany.com,"ktDO45%_`du6,|N"
Irvine,McGeachey,8158018,50305 Golf View Circle,imcgeacheymk,imcgeacheymk@ustream.tv,"ojMF07""~0.n"
Elysha,Yewdale,3142769,6171 Scott Center,eyewdaleml,eyewdaleml@wordpress.com,hqEI77/<zX7JK3
Codee,Boothman,906331,2 Bunker Hill Hill,cboothmanmm,cboothmanmm@xinhuanet.com,"yoIC22=,4c7&`h|GT4cB"
Kimble,Cadogan,8504963,112 Anzinger Alley,kcadoganmn,kcadoganmn@myspace.com,iuTC91_{cW
Steve,Geake,4899296,65963 Larry Pass,sgeakemo,sgeakemo@unicef.org,kcFS17}<n>\o
Charlena,Inwood,5868490,389 Hauk Lane,cinwoodmp,cinwoodmp@forbes.com,"xsBB64><aKLj.`~Y,d*("
Lorne,McNirlan,2485605,16601 Duke Alley,lmcnirlanmq,lmcnirlanmq@miitbeian.gov.cn,hcYD80$?ke{`C$
Lila,Virgoe,4781156,8 Sherman Plaza,lvirgoemr,lvirgoemr@mozilla.com,ccIT58}/VZ#|
Reuven,Fluger,3613315,2 Evergreen Circle,rflugerms,rflugerms@archive.org,rlEP90'$F|}_A@@
Ramonda,Ather,3102170,219 Raven Junction,rathermt,rathermt@princeton.edu,ljHL92\`UmBf
Windham,Brocket,118498,9 Rusk Parkway,wbrocketmu,wbrocketmu@instagram.com,pzHM85'*vunrJa\>!#)
Venus,Forrester,1368237,16702 Redwing Court,vforrestermv,vforrestermv@va.gov,iuVZ69&}rQ
Maximilian,Nund,5723467,66810 Chinook Way,mnundmw,mnundmw@umn.edu,ssAR83>}{6GAYGN$a
Harrie,Cristofol,3840260,03359 Charing Cross Alley,hcristofolmx,hcristofolmx@wikia.com,"ekQD15{_3s5Mr`Aq""z#"
Gary,Churn,6729536,099 Thierer Alley,gchurnmy,gchurnmy@ibm.com,rqFZ85&*h*$
Brendon,Minci,1956476,30618 Calypso Junction,bmincimz,bmincimz@cdc.gov,izAK47@$'l>(dPCa
Jolene,Mowsdale,7041560,1 Iowa Court,jmowsdalen0,jmowsdalen0@flavors.me,ylZH08'(OQTi3%.Sj7=
Lewie,Earland,4077994,84738 Rutledge Court,learlandn1,learlandn1@mediafire.com,oxQE06|@<AA>
Thain,Sustins,8740582,22 Continental Avenue,tsustinsn2,tsustinsn2@fda.gov,"wtAK57,$c8.Tzz#J>im"
Jillana,Mogg,3922240,17 Blue Bill Park Parkway,jmoggn3,jmoggn3@instagram.com,teBW02>$3vkH(4Nd&G8
Karlis,Boothman,9430206,87961 Farragut Drive,kboothmann4,kboothmann4@shutterfly.com,"mvMD06,.$#o{Fs"
Hugibert,Stathers,2904987,32 Golf Street,hstathersn5,hstathersn5@pcworld.com,mxRM68/_2HB/t*
Michell,Edwards,8625819,31 Lake View Terrace,medwardsn6,medwardsn6@businessweek.com,roHY32*))aQZxE.s
Kira,Macvey,3119201,0931 Meadow Ridge Circle,kmacveyn7,kmacveyn7@nytimes.com,dtES23.&LRVdsWW_
Albertine,Aish,860393,1 Kings Circle,aaishn8,aaishn8@latimes.com,ipUB86|?V4d4y@!$@
Heriberto,Pache,7872527,61 Schurz Way,hpachen9,hpachen9@craigslist.org,ymBL94=.CzB
Juliette,Hawyes,2469106,0844 Hovde Park,jhawyesna,jhawyesna@tinypic.com,"jkCK00>&}"""
Lin,McCourt,1750356,9430 Nancy Lane,lmccourtnb,lmccourtnb@simplemachines.org,khKK97'?/`40a='}?U
Sergei,Coulthard,4224290,61927 Ridgeway Drive,scoulthardnc,scoulthardnc@youku.com,osAB48+!H`B
Jany,Lusher,9184848,258 Parkside Hill,jlushernd,jlushernd@bloglines.com,ehQI43_}fZ`
Carleen,Ridde,1037099,1363 Mifflin Road,criddene,criddene@indiatimes.com,heDQ80$.q75O=+UMq
Regina,Tebbutt,1821483,89 Goodland Lane,rtebbuttnf,rtebbuttnf@tuttocitta.it,"zrSV75+>"")}"""
Caren,Couzens,232790,1628 Moulton Drive,ccouzensng,ccouzensng@techcrunch.com,"dwOT47&""xJiZ"
Christabel,Curnock,850713,340 Eagan Park,ccurnocknh,ccurnocknh@flickr.com,"vjFN30?,!R)$8"
Charity,Boag,7079715,206 Spaight Court,cboagni,cboagni@shinystat.com,dyVW78(_>VbAp96l
Davina,Temlett,3456219,02 Vidon Terrace,dtemlettnj,dtemlettnj@thetimes.co.uk,"gvGX33,+eRVgHxpH~"
Selina,Danilovic,8186163,5 Vera Hill,sdanilovicnk,sdanilovicnk@state.gov,rtRI16`\cHt52jI1}
Floria,Willoughway,8091226,214 Golf Course Place,fwilloughwaynl,fwilloughwaynl@nymag.com,biQD67{`L_*KQ
Bondie,Borthe,5351068,759 Ridgeway Street,bborthenm,bborthenm@google.it,wyWE40!<3n+
Wildon,Valler,9297865,728 Armistice Crossing,wvallernn,wvallernn@unesco.org,trNI74=#8xMm}
Stefa,Senner,817763,7 Schurz Hill,ssennerno,ssennerno@china.com.cn,"rlMC84~""#I"
Zarla,Agglio,3922890,65902 Shasta Way,zagglionp,zagglionp@moonfruit.com,bcGP30#)xa
Bryant,Agostini,508153,245 Dakota Road,bagostininq,bagostininq@drupal.org,pwAT96*<w8N}
Noemi,Duddle,5618749,95569 Northwestern Pass,nduddlenr,nduddlenr@phoca.cz,"qaER84""{)rOPS<\k"
Cherida,Hierro,9957773,06244 Northridge Pass,chierrons,chierrons@joomla.org,arHZ71{$7s$8{
Cristin,Beaven,355459,75312 Crowley Alley,cbeavennt,cbeavennt@4shared.com,ejZB54(#A&i>Pw&
Farrand,Gifford,3078313,00 Meadow Vale Point,fgiffordnu,fgiffordnu@ebay.com,axPM40@%1`8<'d
Priscella,Cleverley,4325619,45 Westridge Court,pcleverleynv,pcleverleynv@printfriendly.com,vpVT48).o$4u*4o<C
Bessy,Bredbury,4815528,8 Red Cloud Lane,bbredburynw,bbredburynw@plala.or.jp,zdXK84@!tUDHhYYjTn{`
Billi,Cuffe,3191690,7318 Quincy Circle,bcuffenx,bcuffenx@mlb.com,twTB31\.U$~w
Seth,Teacy,1821352,993 Monument Lane,steacyny,steacyny@plala.or.jp,isZD58/`\*mTt
Tildi,Crombleholme,4873247,9 Golf Drive,tcrombleholmenz,tcrombleholmenz@paginegialle.it,jvWN89'$?s.`F0P@d`
Pippa,Stallworthy,7785501,14358 Barby Plaza,pstallworthyo0,pstallworthyo0@phoca.cz,"pnSR12""\C3M_2$"
Ewan,MacTrustram,9652447,8 Grover Lane,emactrustramo1,emactrustramo1@nyu.edu,knAN81~<FZ}49iRDRP.3
Starlin,Evennett,9986012,35 Magdeline Junction,sevennetto2,sevennetto2@xinhuanet.com,"bgHF60|$""s9b|u"
Horatius,Stockoe,3732133,83 Mendota Road,hstockoeo3,hstockoeo3@msn.com,jrLM39'#B=H
Obadiah,Shepstone,6395823,811 Becker Park,oshepstoneo4,oshepstoneo4@blinklist.com,roMY54|$tKQ`f
Bernie,Dumper,5233369,814 Debra Crossing,bdumpero5,bdumpero5@statcounter.com,"drEM05+@/""K{l0GlQ@"
Aubry,Pleace,1527599,6086 Forster Avenue,apleaceo6,apleaceo6@lulu.com,etYY37}%4e9Q`Za
Karola,Irving,6351961,621 Ryan Circle,kirvingo7,kirvingo7@mysql.com,pwLD85<~$&F?o(z
Tann,Heintze,8704876,74 Debs Road,theintzeo8,theintzeo8@fastcompany.com,enII04#.&eHWRTbIf?1
Carmel,Ferrone,7880072,31 Lyons Place,cferroneo9,cferroneo9@scribd.com,zlQT78?$iw$~j
Elinore,Lidyard,7914689,3 Pleasure Plaza,elidyardoa,elidyardoa@psu.edu,"maEG51>_bO6""1Ex0""Gc'"
Marybelle,Nadin,882266,02 Warrior Circle,mnadinob,mnadinob@rediff.com,alNL90}{gch%vI*34P
Galvin,Milkin,2294958,3568 Lien Circle,gmilkinoc,gmilkinoc@msn.com,"hfPW41@|0EzH~,&q`p("
Leela,Leyman,9836968,6 Fulton Lane,lleymanod,lleymanod@blogs.com,rzHA18#&vqg}wI
Torey,Coonihan,7892891,729 Claremont Center,tcoonihanoe,tcoonihanoe@plala.or.jp,adRV70(_3q\8v$k
Alene,Putland,2347105,58353 Vermont Pass,aputlandof,aputlandof@umn.edu,orQH05}#WDs6P_{m%KG
Miquela,Skittrell,1762052,3 Clemons Pass,mskittrellog,mskittrellog@seesaa.net,xrTW28%/YuM%x
Deeann,Cloonan,2769778,941 Lawn Pass,dcloonanoh,dcloonanoh@paginegialle.it,eoIM44&!9bM4S)<omS
Alis,Marjanski,9034742,182 Onsgard Terrace,amarjanskioi,amarjanskioi@topsy.com,zfUP73+=0F'1mjIx6|
Paulo,Poundsford,9218552,21 Hanover Center,ppoundsfordoj,ppoundsfordoj@fastcompany.com,"fyHW49(`GjSsDuQ""'B"
Lesley,Musicka,5841304,3 Hoard Hill,lmusickaok,lmusickaok@desdev.cn,bnUM69'*'0*Z\C!ca*
Bealle,Ranns,758145,22480 Mitchell Road,brannsol,brannsol@who.int,znGF37@?pFTsusXRu+
Guthrey,Mundall,4939355,6716 Lindbergh Way,gmundallom,gmundallom@wikimedia.org,qsBT23(*e?NBdO)
Woodman,Grimolbie,4563689,98 Warrior Point,wgrimolbieon,wgrimolbieon@forbes.com,seSO23?_J1+M!<
Julieta,Waddilove,9250465,96 Meadow Vale Street,jwaddiloveoo,jwaddiloveoo@edublogs.org,"dpBK56%$jw,46sn~faf/"
Hilliard,Gobourn,3142328,93 Merry Trail,hgobournop,hgobournop@mit.edu,bmVD24_._dblX
Alaster,Iacomi,6830833,0 Crowley Center,aiacomioq,aiacomioq@slideshare.net,evVO15{)QvJ<(PlLBAW>
Billie,Rafferty,2659276,45 Tony Junction,braffertyor,braffertyor@samsung.com,mbXJ62+|a>1mMfs
Susana,Nelmes,6016279,0751 Rockefeller Alley,snelmesos,snelmesos@skyrock.com,"lbFI99""$hemJe"
Augy,McTrustram,5472218,82636 Vermont Circle,amctrustramot,amctrustramot@barnesandnoble.com,yoMR31?.mZHY
Demetri,Kehir,2657192,749 South Plaza,dkehirou,dkehirou@auda.org.au,sdNY69)#YMM<i6'aZ}`M
Paulie,Ebbins,9734077,8 Kennedy Crossing,pebbinsov,pebbinsov@wikispaces.com,edDQ53}!9btO
Maxwell,Longland,8600033,596 Hudson Crossing,mlonglandow,mlonglandow@home.pl,"frKS05#""3scDE%ch*Izo"
Britte,Simione,4698018,72 Columbus Park,bsimioneox,bsimioneox@acquirethisname.com,"nkPW31~$BsP#""Ox>o"
Eba,Francie,4915605,0420 Beilfuss Avenue,efrancieoy,efrancieoy@wikia.com,"vsNL16,!7l{RXOIqoL"
Alana,Hattersley,6585257,32094 Utah Drive,ahattersleyoz,ahattersleyoz@ebay.co.uk,owNB57@%le.
Claretta,Crutchley,8747884,61768 Prairie Rose Point,ccrutchleyp0,ccrutchleyp0@yelp.com,qeRK75=.glf42M.
Marijo,Pridham,6283487,2 Butterfield Hill,mpridhamp1,mpridhamp1@trellian.com,"qgAY24~,i1IU0~R"
Charisse,Olivie,4890806,41824 Surrey Street,coliviep2,coliviep2@hp.com,pyTN27_#jH)
Mordy,Tremoulet,5534305,1486 Dottie Street,mtremouletp3,mtremouletp3@chronoengine.com,vuBM47(+!Rtm
Arabele,Orred,4028961,184 Clove Lane,aorredp4,aorredp4@miitbeian.gov.cn,djWN69/?~@
Minni,Turle,6022027,2765 Claremont Junction,mturlep5,mturlep5@indiatimes.com,"ltCB67,?B)t+x@"
Brent,Phillip,993418,0628 Southridge Park,bphillipp6,bphillipp6@oracle.com,"idBR00*`F*zVHU0,iM<="
Gauthier,Fideler,4817511,4 Annamark Alley,gfidelerp7,gfidelerp7@vimeo.com,ivRN33}&Q?(ARuC
Adey,Whymark,344039,50178 Union Alley,awhymarkp8,awhymarkp8@spiegel.de,jtZR61><$G0n`YD?QR6!
Emilio,Dundendale,7520843,930 Veith Crossing,edundendalep9,edundendalep9@wikipedia.org,doOM39{~yfLCpw'/MX>.
Shelli,Stocky,437188,6 Hansons Park,sstockypa,sstockypa@wunderground.com,rrZU59}~kKQbO#py8qxt
Conni,Di Boldi,4235525,84118 Lawn Junction,cdiboldipb,cdiboldipb@oracle.com,taKS97%\x|
Damian,Haldin,639114,08856 Waxwing Junction,dhaldinpc,dhaldinpc@omniture.com,"gyQH22="">Fq"
Zach,Giffen,2413187,3 Arizona Place,zgiffenpd,zgiffenpd@cnbc.com,kvYA94|&W*40Mn
Fabiano,Kildahl,9642487,0291 Reinke Point,fkildahlpe,fkildahlpe@paypal.com,uqPS84<}5@sK(p@z42$y
Elwin,Shera,655957,00636 Lighthouse Bay Avenue,esherapf,esherapf@ehow.com,ceYU98~}z<8
Russell,Alibone,9932266,5899 8th Center,ralibonepg,ralibonepg@mapy.cz,ooMV50'*pe
Caspar,Snaddin,428479,1 Hooker Point,csnaddinph,csnaddinph@creativecommons.org,yaPS99.#Y/ElHAjO
Sophronia,Cosens,6340973,0195 Monument Hill,scosenspi,scosenspi@sciencedirect.com,clCY42}!q$<VXri
Maxy,Britney,6954090,0 Daystar Point,mbritneypj,mbritneypj@tinypic.com,dpWM49@{y{HV4}hs'|Uc
Ermanno,Valois,6165040,08 Del Sol Alley,evaloispk,evaloispk@chicagotribune.com,gyJN71'{32!@veS
Shem,Lyenyng,5932290,38 Loomis Court,slyenyngpl,slyenyngpl@yellowpages.com,wpRP80`/K!Ku>nR~
Andy,Grimme,1843065,58680 Sachtjen Drive,agrimmepm,agrimmepm@meetup.com,lhNH73@>~M)s
Alfie,Spearing,5208049,44 Pawling Pass,aspearingpn,aspearingpn@wikia.com,"xhBJ86),t%1"
Deloria,Mioni,3231591,82317 Lotheville Terrace,dmionipo,dmionipo@miibeian.gov.cn,laJA89\#eR94hcTFr{Y
Nadiya,Filisov,5432317,749 Talmadge Way,nfilisovpp,nfilisovpp@mozilla.com,oyLX72'@/k
Ash,Kibbe,9753512,7 Little Fleur Hill,akibbepq,akibbepq@elegantthemes.com,xsUV67}\*bk%MCM|
Camila,Chartre,6559055,6 Packers Center,cchartrepr,cchartrepr@feedburner.com,vtAD98&%MVVtF_8@
Raynor,Ricioppo,6763077,47746 Valley Edge Park,rricioppops,rricioppops@github.com,"tkQB37""'Rrbe,7O\h(|"
Bentley,McKinnon,7689207,831 Shelley Circle,bmckinnonpt,bmckinnonpt@hubpages.com,"laPF09&""KGliek}Ut"
Camile,McFadyen,8049104,21630 Luster Park,cmcfadyenpu,cmcfadyenpu@sbwire.com,"dvYG53"")_OuBA&t*7"
Melloney,Harcase,6589977,528 Spenser Crossing,mharcasepv,mharcasepv@google.pl,zvYJ35?>s2
Nicholas,Rijkeseis,9481240,4734 Butternut Crossing,nrijkeseispw,nrijkeseispw@storify.com,"eoPY83~$F*aXR,3"
Aloise,Erlam,2943684,4 Killdeer Point,aerlampx,aerlampx@issuu.com,hvPW88#(O3x&qI@I
Isak,Tresler,277929,5 Dakota Parkway,itreslerpy,itreslerpy@craigslist.org,"rdIA02<@#0J`e""'u"
Susi,Senett,3267863,01415 Havey Avenue,ssenettpz,ssenettpz@hao123.com,"kuTP53)<Y)=6""sb.2mI"
Rosabella,Pigney,5563591,8104 Hoard Point,rpigneyq0,rpigneyq0@dagondesign.com,mwDK66=<}urrv}rb39bA
Hadria,Beetham,6318775,74174 Grim Circle,hbeethamq1,hbeethamq1@webs.com,"brPJ35#""tu"
Carri,Wrathmall,5198178,01 Roth Terrace,cwrathmallq2,cwrathmallq2@over-blog.com,"kyWT39*?J%~o,"
Levon,Benne,2600062,05626 Harper Drive,lbenneq3,lbenneq3@vk.com,"ogLT51~/Fn""nnJ*P=P"
Emmalee,Yakovliv,3450160,99 Warrior Avenue,eyakovlivq4,eyakovlivq4@msu.edu,snGO85%)Jppo~H}mI\)
Falkner,Waistall,928197,2142 Petterle Place,fwaistallq5,fwaistallq5@studiopress.com,"gnWZ54"".Fyx"
Allina,Brundall,2021387,45168 Westend Drive,abrundallq6,abrundallq6@aol.com,plFA86|=ycw6Q4
Cheryl,Mariault,8980076,64551 Corscot Place,cmariaultq7,cmariaultq7@blogger.com,oxRE53<`e@
Ogden,Costellow,4534003,3 Morrow Trail,ocostellowq8,ocostellowq8@reference.com,krMR95#/BOS6l
Petra,Mowles,2228968,441 Jay Court,pmowlesq9,pmowlesq9@shutterfly.com,kaMI68(&bD5gU)qUB
Niel,Bulter,2989980,89 Elmside Trail,nbulterqa,nbulterqa@cnbc.com,lvUB22?/XT3Ce$O
Trev,Aronovitz,8183986,6 Pearson Plaza,taronovitzqb,taronovitzqb@baidu.com,tcEI07!{~BN`L6$%$
Marjorie,Venediktov,5275670,5 Holy Cross Plaza,mvenediktovqc,mvenediktovqc@1688.com,lxWF43|'?a'FYa$T
Aigneis,Handley,6217181,9 Buena Vista Center,ahandleyqd,ahandleyqd@geocities.com,"ynCE82/""7h5ZIXpwO~l"
Lacie,Taile,7610483,74625 Lukken Place,ltaileqe,ltaileqe@sbwire.com,"vmGF12""<N`j?.u8"
Niki,Fowlds,5436470,856 5th Place,nfowldsqf,nfowldsqf@xing.com,"twAG47,\hj%k"
Finn,Gothard,1783269,66 Stephen Alley,fgothardqg,fgothardqg@bravesites.com,qvWI65}<|<O@j{}eA7I
Jaclyn,Spir,4697446,0 Sunnyside Junction,jspirqh,jspirqh@hc360.com,"xgKH69,+M@dk'l9"
Marris,Gammade,9881123,47 Bay Parkway,mgammadeqi,mgammadeqi@google.com.hk,"jdVU16!.?!""!Yt*&+&#l"
Giorgio,Arkcoll,7332845,6824 Northfield Center,garkcollqj,garkcollqj@dropbox.com,pjJQ40_#9|
Noelani,Guiraud,243164,64 Talisman Crossing,nguiraudqk,nguiraudqk@slate.com,svQT00=_Hk**$@pZMR
Katerine,Shiliton,9736460,6 Bartillon Road,kshilitonql,kshilitonql@deviantart.com,nwLO21'+JbS+DJ
Enrique,Macy,6956127,8682 Fuller Avenue,emacyqm,emacyqm@xing.com,bmMD84|!Kifyfp%.!
Regan,Crombie,8078056,4 Sullivan Drive,rcrombieqn,rcrombieqn@fema.gov,gxMJ76'{PfJn\8
Ossie,Roux,5562768,6 Sunbrook Parkway,orouxqo,orouxqo@ibm.com,mpEJ80\|lJcF&rF
Nannette,Triswell,1505000,96 Dakota Hill,ntriswellqp,ntriswellqp@lulu.com,hkBD03{.oj#5{B0(LK
Claresta,Spilling,7131291,44 Corscot Road,cspillingqq,cspillingqq@printfriendly.com,"gyPX55,$scS8JP"
Blane,Tramel,7356952,61 Elgar Park,btramelqr,btramelqr@imdb.com,qnOR72{>l2Lvy
Wilfrid,Dyball,4892439,05 Morrow Drive,wdyballqs,wdyballqs@ted.com,ewWV95.'1#&<fR1iqs=
Janeen,Brabon,6154398,13019 Kingsford Circle,jbrabonqt,jbrabonqt@csmonitor.com,qgEG68}@OGk
Jarrett,Pyatt,1406308,347 Meadow Vale Lane,jpyattqu,jpyattqu@vinaora.com,vaXB60?$JH'O\
Dena,Theunissen,1513323,715 Sugar Terrace,dtheunissenqv,dtheunissenqv@freewebs.com,noWB01~+v*Do.
Elianora,Taberer,2591805,2 Sage Park,etabererqw,etabererqw@ibm.com,tnWV56({q)G?
Erhart,Strippling,9788830,80 Pennsylvania Trail,estripplingqx,estripplingqx@bloomberg.com,"aaDI97"")>Av!wGmCfi5"
Berkie,Anstey,1002145,4865 Almo Crossing,bansteyqy,bansteyqy@joomla.org,"veSY21)@5RI,"
Garrard,Audus,6684520,90 Cordelia Park,gaudusqz,gaudusqz@diigo.com,huIC84\?TTAX|=
Danny,Polycote,3549370,8 Towne Parkway,dpolycoter0,dpolycoter0@boston.com,ydMR91)+PXi?UD__Sbn
Hoyt,Fordham,9013635,7 Hanover Place,hfordhamr1,hfordhamr1@disqus.com,"tnQS01!,+*<FPk(QK%e"
Esta,Beedom,4367218,32 Marcy Crossing,ebeedomr2,ebeedomr2@japanpost.jp,lxCK62{(vaXfx=q</d
Francklyn,Tewkesbury.,9774162,17 Basil Point,ftewkesburyr3,ftewkesburyr3@loc.gov,"vhAH06`""6c5Nyn!fm7J"
Ebeneser,Dacres,1346905,2034 Lawn Junction,edacresr4,edacresr4@gov.uk,"yeZL65/""(J$'(<"
Farly,Dutt,2916338,5059 Twin Pines Alley,fduttr5,fduttr5@altervista.org,slBO06'@=(V
Giraldo,Fenck,2076851,8735 Fuller Circle,gfenckr6,gfenckr6@discuz.net,geNV45({Br/ZKe1sP4B
Duke,Meace,9811876,28281 Laurel Terrace,dmeacer7,dmeacer7@reference.com,ulYC43+_$n)Gr6pC
Ken,Coie,5956029,389 Sunbrook Road,kcoier8,kcoier8@e-recht24.de,qaUD97=#{e~I
Barrie,Basillon,8323356,4 Butterfield Place,bbasillonr9,bbasillonr9@ox.ac.uk,"xpHR44#*el/ae@<Bv}"""
Jesse,Ashenhurst,2040002,967 Red Cloud Trail,jashenhurstra,jashenhurstra@cnet.com,yoMX70>%y)'
Gerhard,Chinnick,9477518,3 Riverside Hill,gchinnickrb,gchinnickrb@rambler.ru,"dgRN75~*s<3""|>V}82"
Gianina,Wagon,3012347,1 Di Loreto Center,gwagonrc,gwagonrc@google.ru,hzMP52@}\pU'
Elmer,Pigot,4542163,6219 Superior Road,epigotrd,epigotrd@washingtonpost.com,rfSD01+#'s
Feodora,Breacher,1754306,9 Lillian Road,fbreacherre,fbreacherre@census.gov,mgZB74+|lB=6<lVFW'
Elnar,Nordass,8044281,6285 Hoard Crossing,enordassrf,enordassrf@vimeo.com,vbRN18?@XY1Np~`
Audi,Govey,421939,400 Kensington Pass,agoveyrg,agoveyrg@imgur.com,qrMD87+&U?rOlm
Chlo,Brandin,7219942,10 Daystar Terrace,cbrandinrh,cbrandinrh@cdbaby.com,roTT79/)O&VH.>cW5K>
Pen,Micheau,2408796,5 Emmet Drive,pmicheauri,pmicheauri@chronoengine.com,wdIU27$\rZx!b`mvw6l
Rahal,McNeigh,5073891,7 Crownhardt Way,rmcneighrj,rmcneighrj@comcast.net,qkUD24'/B6>'Kj9)OwhQ
Barry,Kamienski,6543829,14 Manley Plaza,bkamienskirk,bkamienskirk@businesswire.com,ncCG59#.IZq7
Cozmo,Wollrauch,8614304,6 Burning Wood Trail,cwollrauchrl,cwollrauchrl@comsenz.com,gaDH39%+wy4
Sisile,Woodhouse,8989934,4 Eagan Plaza,swoodhouserm,swoodhouserm@disqus.com,qeUO53_)k&Wd
Karolina,Legonidec,8440791,1200 Miller Place,klegonidecrn,klegonidecrn@purevolume.com,arWR30|`\6sAxLe0Ut
Henrieta,Canceller,1231151,70759 Vera Park,hcancellerro,hcancellerro@macromedia.com,ejGO91&\r%MICV(YN<=
Casey,Gant,3321999,8967 Sunfield Alley,cgantrp,cgantrp@apache.org,"srNC68.*U""4G'Rb.Jr{|"
Marga,Mc Elory,5055015,1 Mariners Cove Crossing,mmceloryrq,mmceloryrq@bing.com,dsSJ87\_BCsH2W#23Z
Odey,Healks,6669102,54 West Street,ohealksrr,ohealksrr@cloudflare.com,fnRL30'<mr
